연번,호선,고유역번호(외부역코드),역명,수송연월,승하차인원수
1,1,150,서울역(1),2025-01,3651931
2,1,151,시청(1),2025-01,1406021
3,1,152,종각,2025-01,2017031
4,1,153,종로3가(1),2025-01,1338823
5,1,154,종로5가,2025-01,1230222
6,1,155,동대문(1),2025-01,672217
7,1,156,신설동(1),2025-01,733910
8,1,157,제기동,2025-01,993419
9,1,158,청량리,2025-01,1276850
10,1,159,동묘앞(1),2025-01,568172
11,2,201,시청(2),2025-01,1306894
12,2,202,을지로입구,2025-01,2608970
13,2,203,을지로3가(2),2025-01,1269031
14,2,204,을지로4가(2),2025-01,726011
15,2,205,동대문역사문화공원(2),2025-01,864001
16,2,206,신당(2),2025-01,834440
17,2,207,상왕십리,2025-01,748897
18,2,208,왕십리(2),2025-01,799358
19,2,209,한양대,2025-01,430221
20,2,210,뚝섬,2025-01,1273203
21,2,211,성수,2025-01,2552525
22,2,212,건대입구(2),2025-01,2055200
23,2,213,구의,2025-01,1307473
24,2,214,강변,2025-01,1494434
25,2,215,잠실나루,2025-01,742682
26,2,216,잠실(2),2025-01,4224552
27,2,217,잠실새내,2025-01,1240750
28,2,218,종합운동장(2),2025-01,439098
29,2,219,삼성,2025-01,2742473
30,2,220,선릉,2025-01,2637324
31,2,221,역삼,2025-01,2619344
32,2,222,강남,2025-01,4275761
33,2,223,교대(2),2025-01,1694655
34,2,224,서초,2025-01,1096554
35,2,225,방배,2025-01,806955
36,2,226,사당(2),2025-01,2498343
37,2,227,낙성대,2025-01,1421879
38,2,228,서울대입구,2025-01,2399787
39,2,229,봉천,2025-01,1243714
40,2,230,신림,2025-01,2960403
41,2,231,신대방,2025-01,1324474
42,2,232,구로디지털단지,2025-01,2959904
43,2,233,대림(2),2025-01,1335774
44,2,234,신도림,2025-01,2715893
45,2,235,문래,2025-01,1218582
46,2,236,영등포구청(2),2025-01,1192042
47,2,237,당산,2025-01,1016099
48,2,238,합정(2),2025-01,1823923
49,2,239,홍대입구,2025-01,4260700
50,2,240,신촌,2025-01,1996789
51,2,241,이대,2025-01,810368
52,2,242,아현,2025-01,550704
53,2,243,충정로(2),2025-01,530453
54,2,244,용답,2025-01,158621
55,2,245,신답,2025-01,88801
56,2,246,신설동(2),2025-01,206550
57,2,247,도림천,2025-01,71872
58,2,248,양천구청,2025-01,365539
59,2,249,신정네거리,2025-01,547053
60,2,250,용두,2025-01,141675
61,3,309,지축,2025-01,406161
62,3,310,구파발,2025-01,1146437
63,3,311,연신내(3),2025-01,1906266
64,3,312,불광(3),2025-01,917319
65,3,313,녹번,2025-01,760594
66,3,314,홍제,2025-01,918176
67,3,315,무악재,2025-01,228672
68,3,316,독립문,2025-01,409018
69,3,317,경복궁,2025-01,1333443
70,3,318,안국,2025-01,1432565
71,3,319,종로3가(3),2025-01,598672
72,3,320,을지로3가(3),2025-01,613838
73,3,322,동대입구,2025-01,534603
74,3,323,약수(3),2025-01,665404
75,3,324,금호,2025-01,423599
76,3,325,옥수,2025-01,493844
77,3,326,압구정,2025-01,1705627
78,3,327,신사,2025-01,1516451
79,3,328,잠원,2025-01,257092
80,3,329,고속터미널(3),2025-01,2808198
81,3,330,교대(3),2025-01,655280
82,3,331,남부터미널,2025-01,1708367
83,3,332,양재,2025-01,1924684
84,3,333,매봉,2025-01,622514
85,3,334,도곡,2025-01,305397
86,3,335,대치,2025-01,696233
87,3,336,학여울,2025-01,118256
88,3,337,대청,2025-01,533376
89,3,338,일원,2025-01,544229
90,3,339,수서,2025-01,1035028
91,3,340,가락시장(3),2025-01,486305
92,3,341,경찰병원,2025-01,388857
93,3,342,오금(3),2025-01,322546
94,4,409,불암산,2025-01,492616
95,4,410,상계,2025-01,1012416
96,4,411,노원(4),2025-01,1211873
97,4,412,창동,2025-01,1504098
98,4,413,쌍문,2025-01,1511500
99,4,414,수유,2025-01,1837088
100,4,415,미아,2025-01,797427
101,4,416,미아사거리,2025-01,1405470
102,4,417,길음,2025-01,1092269
103,4,418,성신여대입구,2025-01,1140197
104,4,419,한성대입구,2025-01,690889
105,4,420,혜화,2025-01,1974673
106,4,421,동대문(4),2025-01,950290
107,4,422,동대문역사문화공원(4),2025-01,962340
108,4,423,충무로(4),2025-01,1515348
109,4,424,명동,2025-01,1910647
110,4,425,회현,2025-01,1405268
111,4,426,서울역(4),2025-01,931308
112,4,427,숙대입구,2025-01,741413
113,4,428,삼각지(4),2025-01,386589
114,4,429,신용산,2025-01,1172104
115,4,430,이촌,2025-01,567738
116,4,431,동작,2025-01,101253
117,4,432,이수(총신대입구),2025-01,1093420
118,4,433,사당(4),2025-01,1185093
119,4,434,남태령,2025-01,69238
120,5,2511,방화,2025-01,365174
121,5,2512,개화산,2025-01,324213
122,5,2513,김포공항(5),2025-01,584871
123,5,2514,송정,2025-01,339937
124,5,2515,마곡,2025-01,599923
125,5,2516,발산,2025-01,1233352
126,5,2517,우장산,2025-01,770665
127,5,2518,화곡,2025-01,1451469
128,5,2519,까치산(5),2025-01,1449843
129,5,2520,신정,2025-01,644243
130,5,2521,목동,2025-01,890614
131,5,2522,오목교,2025-01,1147693
132,5,2523,양평(5),2025-01,399264
133,5,2524,영등포구청(5),2025-01,256195
134,5,2525,영등포시장,2025-01,638701
135,5,2526,신길(5),2025-01,262829
136,5,2527,여의도(5),2025-01,1483903
137,5,2528,여의나루,2025-01,588692
138,5,2529,마포,2025-01,764086
139,5,2530,공덕(5),2025-01,767644
140,5,2531,애오개,2025-01,378130
141,5,2532,충정로(5),2025-01,248450
142,5,2533,서대문,2025-01,977686
143,5,2534,광화문,2025-01,1825856
144,5,2535,종로3가(5),2025-01,831347
145,5,2536,을지로4가(5),2025-01,324601
146,5,2537,동대문역사문화공원(5),2025-01,173222
147,5,2538,청구(5),2025-01,189026
148,5,2539,신금호,2025-01,338187
149,5,2540,행당,2025-01,402266
150,5,2541,왕십리(5),2025-01,273532
151,5,2542,마장,2025-01,306673
152,5,2543,답십리,2025-01,834161
153,5,2544,장한평,2025-01,1029932
154,5,2545,군자(5),2025-01,664782
155,5,2546,아차산,2025-01,778464
156,5,2547,광나루,2025-01,594607
157,5,2548,천호(5),2025-01,1081469
158,5,2549,강동,2025-01,985007
159,5,2550,길동,2025-01,483525
160,5,2551,굽은다리,2025-01,527397
161,5,2552,명일,2025-01,440277
162,5,2553,고덕,2025-01,526498
163,5,2554,상일동,2025-01,747074
164,5,2555,둔촌동,2025-01,573302
165,5,2556,올림픽공원(5),2025-01,240894
166,5,2557,방이,2025-01,401197
167,5,2558,오금(5),2025-01,187443
168,5,2559,개롱,2025-01,351721
169,5,2560,거여,2025-01,517050
170,5,2561,마천,2025-01,365985
171,5,2562,강일,2025-01,308281
172,5,2563,미사,2025-01,981139
173,5,2564,하남풍산,2025-01,247697
174,5,2565,하남시청,2025-01,450124
175,5,2566,하남검단산,2025-01,365614
176,6,2611,응암,2025-01,941611
177,6,2612,역촌,2025-01,216398
178,6,2613,불광(6),2025-01,250151
179,6,2614,독바위,2025-01,151294
180,6,2616,구산,2025-01,383893
181,6,2617,새절,2025-01,637931
182,6,2618,증산,2025-01,502379
183,6,2619,디지털미디어시티(6),2025-01,785343
184,6,2620,월드컵경기장,2025-01,248635
185,6,2621,마포구청,2025-01,725331
186,6,2622,망원,2025-01,920879
187,6,2623,합정(6),2025-01,744650
188,6,2624,상수,2025-01,578183
189,6,2625,광흥창,2025-01,477324
190,6,2626,대흥,2025-01,471994
191,6,2627,공덕(6),2025-01,989527
192,6,2628,효창공원앞,2025-01,365203
193,6,2629,삼각지(6),2025-01,374369
194,6,2630,녹사평,2025-01,273512
195,6,2631,이태원,2025-01,680787
196,6,2632,한강진,2025-01,965006
197,6,2633,버티고개,2025-01,146947
198,6,2634,약수(6),2025-01,207984
199,6,2635,청구(6),2025-01,197987
200,6,2636,신당(6),2025-01,462311
201,6,2637,동묘앞(6),2025-01,492579
202,6,2638,창신,2025-01,166702
203,6,2639,보문,2025-01,401486
204,6,2640,안암,2025-01,564261
205,6,2641,고려대,2025-01,410434
206,6,2642,월곡,2025-01,591925
207,6,2643,상월곡,2025-01,316842
208,6,2644,돌곶이,2025-01,509050
209,6,2645,석계(6),2025-01,658413
210,6,2646,태릉입구(6),2025-01,314983
211,6,2647,화랑대,2025-01,518464
212,6,2648,봉화산,2025-01,446145
213,7,2711,장암,2025-01,98769
214,7,2712,도봉산(7),2025-01,489684
215,7,2713,수락산,2025-01,666548
216,7,2714,마들,2025-01,697417
217,7,2715,노원(7),2025-01,1128530
218,7,2716,중계,2025-01,722614
219,7,2717,하계,2025-01,914397
220,7,2718,공릉,2025-01,640344
221,7,2719,태릉입구(7),2025-01,427105
222,7,2720,먹골,2025-01,540706
223,7,2721,중화,2025-01,551105
224,7,2722,상봉(7),2025-01,937884
225,7,2723,면목,2025-01,746732
226,7,2724,사가정,2025-01,862335
227,7,2725,용마산,2025-01,300083
228,7,2726,중곡,2025-01,551124
229,7,2727,군자(7),2025-01,725424
230,7,2728,어린이대공원,2025-01,692971
231,7,2729,건대입구(7),2025-01,744349
232,7,2730,자양,2025-01,442974
233,7,2731,청담,2025-01,949456
234,7,2732,강남구청,2025-01,845470
235,7,2733,학동,2025-01,1157760
236,7,2734,논현,2025-01,974217
237,7,2735,반포,2025-01,325771
238,7,2736,고속터미널(7),2025-01,917466
239,7,2737,내방,2025-01,755354
240,7,2738,이수(7),2025-01,878022
241,7,2739,남성,2025-01,575040
242,7,2740,숭실대입구,2025-01,624274
243,7,2741,상도,2025-01,593377
244,7,2742,장승배기,2025-01,482084
245,7,2743,신대방삼거리,2025-01,769925
246,7,2744,보라매,2025-01,355905
247,7,2745,신풍,2025-01,604356
248,7,2746,대림(7),2025-01,550087
249,7,2747,남구로,2025-01,786248
250,7,2748,가산디지털단지(7),2025-01,2058415
251,7,2749,철산,2025-01,1126167
252,7,2750,광명사거리,2025-01,1134409
253,7,2751,천왕,2025-01,584565
254,7,2752,온수(7),2025-01,465700
255,8,2810,암사역사공원,2025-01,287347
256,8,2811,암사,2025-01,859047
257,8,2812,천호(8),2025-01,1011708
258,8,2813,강동구청,2025-01,568206
259,8,2814,몽촌토성,2025-01,397504
260,8,2815,잠실(8),2025-01,1156705
261,8,2816,석촌(8),2025-01,515571
262,8,2817,송파,2025-01,511824
263,8,2818,가락시장(8),2025-01,499964
264,8,2819,문정,2025-01,1126866
265,8,2820,장지,2025-01,885511
266,8,2821,복정(8),2025-01,450372
267,8,2822,산성,2025-01,322173
268,8,2823,남한산성입구,2025-01,638916
269,8,2824,단대오거리,2025-01,621645
270,8,2825,신흥,2025-01,291374
271,8,2826,수진,2025-01,292648
272,8,2827,모란(8),2025-01,262511
273,8,2828,남위례,2025-01,381578
274,9,4126,언주,2025-01,348051
275,9,4127,선정릉,2025-01,296145
276,9,4128,삼성중앙,2025-01,234003
277,9,4129,봉은사,2025-01,636307
278,9,4130,종합운동장(9),2025-01,155160
279,9,4131,삼전,2025-01,274290
280,9,4132,석촌고분,2025-01,238853
281,9,4133,석촌(9),2025-01,310648
282,9,4134,송파나루,2025-01,204918
283,9,4135,한성백제,2025-01,108570
284,9,4136,올림픽공원(9),2025-01,256233
285,9,4137,둔촌오륜,2025-01,91575
286,9,4138,중앙보훈병원,2025-01,374134
287,1,150,서울역(1),2025-02,3711387
288,1,151,시청(1),2025-02,1455003
289,1,152,종각,2025-02,2113603
290,1,153,종로3가(1),2025-02,1371874
291,1,154,종로5가,2025-02,1276961
292,1,155,동대문(1),2025-02,644515
293,1,156,신설동(1),2025-02,749105
294,1,157,제기동,2025-02,923218
295,1,158,청량리,2025-02,1236553
296,1,159,동묘앞(1),2025-02,569689
297,2,201,시청(2),2025-02,1384852
298,2,202,을지로입구,2025-02,2684147
299,2,203,을지로3가(2),2025-02,1350977
300,2,204,을지로4가(2),2025-02,755198
301,2,205,동대문역사문화공원(2),2025-02,875608
302,2,206,신당(2),2025-02,839201
303,2,207,상왕십리,2025-02,771873
304,2,208,왕십리(2),2025-02,822110
305,2,209,한양대,2025-02,443313
306,2,210,뚝섬,2025-02,1379099
307,2,211,성수,2025-02,2710410
308,2,212,건대입구(2),2025-02,2055683
309,2,213,구의,2025-02,1337258
310,2,214,강변,2025-02,1495603
311,2,215,잠실나루,2025-02,774155
312,2,216,잠실(2),2025-02,4393072
313,2,217,잠실새내,2025-02,1279390
314,2,218,종합운동장(2),2025-02,450588
315,2,219,삼성,2025-02,2936837
316,2,220,선릉,2025-02,2864473
317,2,221,역삼,2025-02,2859466
318,2,222,강남,2025-02,4491783
319,2,223,교대(2),2025-02,1795985
320,2,224,서초,2025-02,1184892
321,2,225,방배,2025-02,852891
322,2,226,사당(2),2025-02,2439123
323,2,227,낙성대,2025-02,1466328
324,2,228,서울대입구,2025-02,2487404
325,2,229,봉천,2025-02,1295092
326,2,230,신림,2025-02,2991936
327,2,231,신대방,2025-02,1337433
328,2,232,구로디지털단지,2025-02,3091966
329,2,233,대림(2),2025-02,1328264
330,2,234,신도림,2025-02,2799335
331,2,235,문래,2025-02,1300707
332,2,236,영등포구청(2),2025-02,1250314
333,2,237,당산,2025-02,1064570
334,2,238,합정(2),2025-02,1875778
335,2,239,홍대입구,2025-02,4282520
336,2,240,신촌,2025-02,2023486
337,2,241,이대,2025-02,861100
338,2,242,아현,2025-02,554440
339,2,243,충정로(2),2025-02,558032
340,2,244,용답,2025-02,158693
341,2,245,신답,2025-02,92129
342,2,246,신설동(2),2025-02,215256
343,2,247,도림천,2025-02,75159
344,2,248,양천구청,2025-02,382477
345,2,249,신정네거리,2025-02,565421
346,2,250,용두,2025-02,140102
347,3,309,지축,2025-02,413129
348,3,310,구파발,2025-02,1161287
349,3,311,연신내(3),2025-02,1918273
350,3,312,불광(3),2025-02,938514
351,3,313,녹번,2025-02,779797
352,3,314,홍제,2025-02,934419
353,3,315,무악재,2025-02,231927
354,3,316,독립문,2025-02,423339
355,3,317,경복궁,2025-02,1337619
356,3,318,안국,2025-02,1522676
357,3,319,종로3가(3),2025-02,643193
358,3,320,을지로3가(3),2025-02,645132
359,3,322,동대입구,2025-02,541144
360,3,323,약수(3),2025-02,672891
361,3,324,금호,2025-02,426144
362,3,325,옥수,2025-02,493250
363,3,326,압구정,2025-02,1730702
364,3,327,신사,2025-02,1565581
365,3,328,잠원,2025-02,266793
366,3,329,고속터미널(3),2025-02,2736944
367,3,330,교대(3),2025-02,694767
368,3,331,남부터미널,2025-02,1800870
369,3,332,양재,2025-02,2055275
370,3,333,매봉,2025-02,664750
371,3,334,도곡,2025-02,324727
372,3,335,대치,2025-02,711647
373,3,336,학여울,2025-02,144924
374,3,337,대청,2025-02,556304
375,3,338,일원,2025-02,573974
376,3,339,수서,2025-02,1050497
377,3,340,가락시장(3),2025-02,485938
378,3,341,경찰병원,2025-02,408328
379,3,342,오금(3),2025-02,335833
380,4,409,불암산,2025-02,489768
381,4,410,상계,2025-02,1023627
382,4,411,노원(4),2025-02,1220103
383,4,412,창동,2025-02,1502343
384,4,413,쌍문,2025-02,1530910
385,4,414,수유,2025-02,1849309
386,4,415,미아,2025-02,821135
387,4,416,미아사거리,2025-02,1425571
388,4,417,길음,2025-02,1125319
389,4,418,성신여대입구,2025-02,1162563
390,4,419,한성대입구,2025-02,708750
391,4,420,혜화,2025-02,2031292
392,4,421,동대문(4),2025-02,1028259
393,4,422,동대문역사문화공원(4),2025-02,992755
394,4,423,충무로(4),2025-02,1603357
395,4,424,명동,2025-02,1880873
396,4,425,회현,2025-02,1491172
397,4,426,서울역(4),2025-02,970788
398,4,427,숙대입구,2025-02,781364
399,4,428,삼각지(4),2025-02,400678
400,4,429,신용산,2025-02,1204146
401,4,430,이촌,2025-02,596565
402,4,431,동작,2025-02,104467
403,4,432,이수(총신대입구),2025-02,1101612
404,4,433,사당(4),2025-02,1355874
405,4,434,남태령,2025-02,69984
406,5,2511,방화,2025-02,369797
407,5,2512,개화산,2025-02,319839
408,5,2513,김포공항(5),2025-02,567937
409,5,2514,송정,2025-02,342612
410,5,2515,마곡,2025-02,696966
411,5,2516,발산,2025-02,1287878
412,5,2517,우장산,2025-02,793883
413,5,2518,화곡,2025-02,1494953
414,5,2519,까치산(5),2025-02,1473706
415,5,2520,신정,2025-02,658876
416,5,2521,목동,2025-02,926703
417,5,2522,오목교,2025-02,1205891
418,5,2523,양평(5),2025-02,425165
419,5,2524,영등포구청(5),2025-02,269415
420,5,2525,영등포시장,2025-02,674028
421,5,2526,신길(5),2025-02,272698
422,5,2527,여의도(5),2025-02,1611263
423,5,2528,여의나루,2025-02,644016
424,5,2529,마포,2025-02,802233
425,5,2530,공덕(5),2025-02,800377
426,5,2531,애오개,2025-02,346975
427,5,2532,충정로(5),2025-02,266156
428,5,2533,서대문,2025-02,1051197
429,5,2534,광화문,2025-02,1903771
430,5,2535,종로3가(5),2025-02,847991
431,5,2536,을지로4가(5),2025-02,342104
432,5,2537,동대문역사문화공원(5),2025-02,186048
433,5,2538,청구(5),2025-02,197288
434,5,2539,신금호,2025-02,349542
435,5,2540,행당,2025-02,414408
436,5,2541,왕십리(5),2025-02,280394
437,5,2542,마장,2025-02,305652
438,5,2543,답십리,2025-02,866242
439,5,2544,장한평,2025-02,1077352
440,5,2545,군자(5),2025-02,685730
441,5,2546,아차산,2025-02,792492
442,5,2547,광나루,2025-02,598531
443,5,2548,천호(5),2025-02,1097615
444,5,2549,강동,2025-02,1022922
445,5,2550,길동,2025-02,492007
446,5,2551,굽은다리,2025-02,545089
447,5,2552,명일,2025-02,458236
448,5,2553,고덕,2025-02,555329
449,5,2554,상일동,2025-02,774951
450,5,2555,둔촌동,2025-02,647326
451,5,2556,올림픽공원(5),2025-02,261579
452,5,2557,방이,2025-02,420087
453,5,2558,오금(5),2025-02,196179
454,5,2559,개롱,2025-02,367761
455,5,2560,거여,2025-02,532827
456,5,2561,마천,2025-02,377285
457,5,2562,강일,2025-02,318533
458,5,2563,미사,2025-02,1009958
459,5,2564,하남풍산,2025-02,257331
460,5,2565,하남시청,2025-02,461000
461,5,2566,하남검단산,2025-02,360878
462,6,2611,응암,2025-02,953106
463,6,2612,역촌,2025-02,223639
464,6,2613,불광(6),2025-02,253703
465,6,2614,독바위,2025-02,152292
466,6,2616,구산,2025-02,393943
467,6,2617,새절,2025-02,648856
468,6,2618,증산,2025-02,505650
469,6,2619,디지털미디어시티(6),2025-02,821707
470,6,2620,월드컵경기장,2025-02,269204
471,6,2621,마포구청,2025-02,755184
472,6,2622,망원,2025-02,925125
473,6,2623,합정(6),2025-02,760366
474,6,2624,상수,2025-02,579212
475,6,2625,광흥창,2025-02,507956
476,6,2626,대흥,2025-02,484306
477,6,2627,공덕(6),2025-02,1009227
478,6,2628,효창공원앞,2025-02,377436
479,6,2629,삼각지(6),2025-02,384836
480,6,2630,녹사평,2025-02,274092
481,6,2631,이태원,2025-02,631972
482,6,2632,한강진,2025-02,589647
483,6,2633,버티고개,2025-02,120647
484,6,2634,약수(6),2025-02,200475
485,6,2635,청구(6),2025-02,204206
486,6,2636,신당(6),2025-02,459688
487,6,2637,동묘앞(6),2025-02,501618
488,6,2638,창신,2025-02,167059
489,6,2639,보문,2025-02,415867
490,6,2640,안암,2025-02,615531
491,6,2641,고려대,2025-02,438898
492,6,2642,월곡,2025-02,611114
493,6,2643,상월곡,2025-02,325334
494,6,2644,돌곶이,2025-02,529462
495,6,2645,석계(6),2025-02,663356
496,6,2646,태릉입구(6),2025-02,324047
497,6,2647,화랑대,2025-02,535604
498,6,2648,봉화산,2025-02,456505
499,7,2711,장암,2025-02,102946
500,7,2712,도봉산(7),2025-02,496039
501,7,2713,수락산,2025-02,672975
502,7,2714,마들,2025-02,710157
503,7,2715,노원(7),2025-02,1150999
504,7,2716,중계,2025-02,748197
505,7,2717,하계,2025-02,949158
506,7,2718,공릉,2025-02,650402
507,7,2719,태릉입구(7),2025-02,435952
508,7,2720,먹골,2025-02,554889
509,7,2721,중화,2025-02,567039
510,7,2722,상봉(7),2025-02,951558
511,7,2723,면목,2025-02,769747
512,7,2724,사가정,2025-02,871599
513,7,2725,용마산,2025-02,304580
514,7,2726,중곡,2025-02,568622
515,7,2727,군자(7),2025-02,741040
516,7,2728,어린이대공원,2025-02,739956
517,7,2729,건대입구(7),2025-02,759326
518,7,2730,자양,2025-02,441805
519,7,2731,청담,2025-02,1022262
520,7,2732,강남구청,2025-02,920000
521,7,2733,학동,2025-02,1260318
522,7,2734,논현,2025-02,1026531
523,7,2735,반포,2025-02,340830
524,7,2736,고속터미널(7),2025-02,894565
525,7,2737,내방,2025-02,788365
526,7,2738,이수(7),2025-02,908768
527,7,2739,남성,2025-02,588442
528,7,2740,숭실대입구,2025-02,640071
529,7,2741,상도,2025-02,606638
530,7,2742,장승배기,2025-02,497921
531,7,2743,신대방삼거리,2025-02,789821
532,7,2744,보라매,2025-02,373629
533,7,2745,신풍,2025-02,625524
534,7,2746,대림(7),2025-02,503219
535,7,2747,남구로,2025-02,815506
536,7,2748,가산디지털단지(7),2025-02,2240320
537,7,2749,철산,2025-02,1149331
538,7,2750,광명사거리,2025-02,1144914
539,7,2751,천왕,2025-02,600250
540,7,2752,온수(7),2025-02,484184
541,8,2810,암사역사공원,2025-02,303225
542,8,2811,암사,2025-02,873251
543,8,2812,천호(8),2025-02,1029639
544,8,2813,강동구청,2025-02,589948
545,8,2814,몽촌토성,2025-02,410412
546,8,2815,잠실(8),2025-02,1165826
547,8,2816,석촌(8),2025-02,533323
548,8,2817,송파,2025-02,525396
549,8,2818,가락시장(8),2025-02,492075
550,8,2819,문정,2025-02,1244973
551,8,2820,장지,2025-02,916520
552,8,2821,복정(8),2025-02,470643
553,8,2822,산성,2025-02,332574
554,8,2823,남한산성입구,2025-02,648840
555,8,2824,단대오거리,2025-02,633747
556,8,2825,신흥,2025-02,295738
557,8,2826,수진,2025-02,295603
558,8,2827,모란(8),2025-02,255167
559,8,2828,남위례,2025-02,401582
560,9,4126,언주,2025-02,377613
561,9,4127,선정릉,2025-02,324322
562,9,4128,삼성중앙,2025-02,256995
563,9,4129,봉은사,2025-02,693554
564,9,4130,종합운동장(9),2025-02,163097
565,9,4131,삼전,2025-02,286349
566,9,4132,석촌고분,2025-02,249815
567,9,4133,석촌(9),2025-02,325105
568,9,4134,송파나루,2025-02,215167
569,9,4135,한성백제,2025-02,113289
570,9,4136,올림픽공원(9),2025-02,284511
571,9,4137,둔촌오륜,2025-02,121227
572,9,4138,중앙보훈병원,2025-02,400160
573,1,150,서울역(1),2025-03,4279789
574,1,151,시청(1),2025-03,1701050
575,1,152,종각,2025-03,2382167
576,1,153,종로3가(1),2025-03,1615925
577,1,154,종로5가,2025-03,1479869
578,1,155,동대문(1),2025-03,788176
579,1,156,신설동(1),2025-03,870923
580,1,157,제기동,2025-03,1075066
581,1,158,청량리,2025-03,1438380
582,1,159,동묘앞(1),2025-03,723151
583,2,201,시청(2),2025-03,1514311
584,2,202,을지로입구,2025-03,2990921
585,2,203,을지로3가(2),2025-03,1496411
586,2,204,을지로4가(2),2025-03,877833
587,2,205,동대문역사문화공원(2),2025-03,1049142
588,2,206,신당(2),2025-03,944131
589,2,207,상왕십리,2025-03,869826
590,2,208,왕십리(2),2025-03,972937
591,2,209,한양대,2025-03,862610
592,2,210,뚝섬,2025-03,1542713
593,2,211,성수,2025-03,3060063
594,2,212,건대입구(2),2025-03,2414336
595,2,213,구의,2025-03,1480197
596,2,214,강변,2025-03,1639522
597,2,215,잠실나루,2025-03,849564
598,2,216,잠실(2),2025-03,4734022
599,2,217,잠실새내,2025-03,1455516
600,2,218,종합운동장(2),2025-03,860714
601,2,219,삼성,2025-03,3163942
602,2,220,선릉,2025-03,3030859
603,2,221,역삼,2025-03,2960115
604,2,222,강남,2025-03,4691622
605,2,223,교대(2),2025-03,1961106
606,2,224,서초,2025-03,1291578
607,2,225,방배,2025-03,1110371
608,2,226,사당(2),2025-03,2752001
609,2,227,낙성대,2025-03,1679193
610,2,228,서울대입구,2025-03,2844624
611,2,229,봉천,2025-03,1435822
612,2,230,신림,2025-03,3328475
613,2,231,신대방,2025-03,1500237
614,2,232,구로디지털단지,2025-03,3331041
615,2,233,대림(2),2025-03,1520688
616,2,234,신도림,2025-03,3133246
617,2,235,문래,2025-03,1395515
618,2,236,영등포구청(2),2025-03,1360836
619,2,237,당산,2025-03,1208982
620,2,238,합정(2),2025-03,2074241
621,2,239,홍대입구,2025-03,4880356
622,2,240,신촌,2025-03,2500130
623,2,241,이대,2025-03,1186165
624,2,242,아현,2025-03,658712
625,2,243,충정로(2),2025-03,625371
626,2,244,용답,2025-03,204697
627,2,245,신답,2025-03,103583
628,2,246,신설동(2),2025-03,253452
629,2,247,도림천,2025-03,81044
630,2,248,양천구청,2025-03,427818
631,2,249,신정네거리,2025-03,635292
632,2,250,용두,2025-03,161213
633,3,309,지축,2025-03,465270
634,3,310,구파발,2025-03,1303461
635,3,311,연신내(3),2025-03,2197528
636,3,312,불광(3),2025-03,1090222
637,3,313,녹번,2025-03,894775
638,3,314,홍제,2025-03,1111280
639,3,315,무악재,2025-03,264001
640,3,316,독립문,2025-03,530398
641,3,317,경복궁,2025-03,1909081
642,3,318,안국,2025-03,1958489
643,3,319,종로3가(3),2025-03,747280
644,3,320,을지로3가(3),2025-03,718779
645,3,322,동대입구,2025-03,763888
646,3,323,약수(3),2025-03,766288
647,3,324,금호,2025-03,480618
648,3,325,옥수,2025-03,565171
649,3,326,압구정,2025-03,1878250
650,3,327,신사,2025-03,1670666
651,3,328,잠원,2025-03,308815
652,3,329,고속터미널(3),2025-03,3052691
653,3,330,교대(3),2025-03,777931
654,3,331,남부터미널,2025-03,1877953
655,3,332,양재,2025-03,2249951
656,3,333,매봉,2025-03,723449
657,3,334,도곡,2025-03,369258
658,3,335,대치,2025-03,759001
659,3,336,학여울,2025-03,172212
660,3,337,대청,2025-03,626312
661,3,338,일원,2025-03,637171
662,3,339,수서,2025-03,1162051
663,3,340,가락시장(3),2025-03,540825
664,3,341,경찰병원,2025-03,437718
665,3,342,오금(3),2025-03,372524
666,4,409,불암산,2025-03,561181
667,4,410,상계,2025-03,1165661
668,4,411,노원(4),2025-03,1376284
669,4,412,창동,2025-03,1692629
670,4,413,쌍문,2025-03,1731390
671,4,414,수유,2025-03,2119393
672,4,415,미아,2025-03,978688
673,4,416,미아사거리,2025-03,1601027
674,4,417,길음,2025-03,1358749
675,4,418,성신여대입구,2025-03,1437859
676,4,419,한성대입구,2025-03,922697
677,4,420,혜화,2025-03,2347791
678,4,421,동대문(4),2025-03,1212289
679,4,422,동대문역사문화공원(4),2025-03,1162210
680,4,423,충무로(4),2025-03,1942480
681,4,424,명동,2025-03,2417586
682,4,425,회현,2025-03,1768955
683,4,426,서울역(4),2025-03,1093946
684,4,427,숙대입구,2025-03,985352
685,4,428,삼각지(4),2025-03,451962
686,4,429,신용산,2025-03,1285877
687,4,430,이촌,2025-03,569980
688,4,431,동작,2025-03,135884
689,4,432,이수(총신대입구),2025-03,1251663
690,4,433,사당(4),2025-03,1561944
691,4,434,남태령,2025-03,95640
692,5,2511,방화,2025-03,417680
693,5,2512,개화산,2025-03,355661
694,5,2513,김포공항(5),2025-03,628378
695,5,2514,송정,2025-03,383747
696,5,2515,마곡,2025-03,756813
697,5,2516,발산,2025-03,1402893
698,5,2517,우장산,2025-03,903714
699,5,2518,화곡,2025-03,1664903
700,5,2519,까치산(5),2025-03,1644954
701,5,2520,신정,2025-03,725210
702,5,2521,목동,2025-03,1042475
703,5,2522,오목교,2025-03,1329727
704,5,2523,양평(5),2025-03,458569
705,5,2524,영등포구청(5),2025-03,297396
706,5,2525,영등포시장,2025-03,745980
707,5,2526,신길(5),2025-03,310271
708,5,2527,여의도(5),2025-03,1732554
709,5,2528,여의나루,2025-03,909520
710,5,2529,마포,2025-03,875811
711,5,2530,공덕(5),2025-03,881635
712,5,2531,애오개,2025-03,386944
713,5,2532,충정로(5),2025-03,289076
714,5,2533,서대문,2025-03,1181054
715,5,2534,광화문,2025-03,2238086
716,5,2535,종로3가(5),2025-03,1016590
717,5,2536,을지로4가(5),2025-03,392276
718,5,2537,동대문역사문화공원(5),2025-03,200622
719,5,2538,청구(5),2025-03,221252
720,5,2539,신금호,2025-03,399242
721,5,2540,행당,2025-03,458230
722,5,2541,왕십리(5),2025-03,301864
723,5,2542,마장,2025-03,356404
724,5,2543,답십리,2025-03,963936
725,5,2544,장한평,2025-03,1188668
726,5,2545,군자(5),2025-03,789183
727,5,2546,아차산,2025-03,931400
728,5,2547,광나루,2025-03,708420
729,5,2548,천호(5),2025-03,1229445
730,5,2549,강동,2025-03,1130378
731,5,2550,길동,2025-03,547590
732,5,2551,굽은다리,2025-03,603872
733,5,2552,명일,2025-03,515429
734,5,2553,고덕,2025-03,624849
735,5,2554,상일동,2025-03,853654
736,5,2555,둔촌동,2025-03,760117
737,5,2556,올림픽공원(5),2025-03,337301
738,5,2557,방이,2025-03,462106
739,5,2558,오금(5),2025-03,223536
740,5,2559,개롱,2025-03,417243
741,5,2560,거여,2025-03,606376
742,5,2561,마천,2025-03,427571
743,5,2562,강일,2025-03,360928
744,5,2563,미사,2025-03,1117444
745,5,2564,하남풍산,2025-03,284381
746,5,2565,하남시청,2025-03,528735
747,5,2566,하남검단산,2025-03,413282
748,6,2611,응암,2025-03,1084627
749,6,2612,역촌,2025-03,253810
750,6,2613,불광(6),2025-03,285630
751,6,2614,독바위,2025-03,173172
752,6,2616,구산,2025-03,444839
753,6,2617,새절,2025-03,754902
754,6,2618,증산,2025-03,585194
755,6,2619,디지털미디어시티(6),2025-03,907590
756,6,2620,월드컵경기장,2025-03,345022
757,6,2621,마포구청,2025-03,843427
758,6,2622,망원,2025-03,1056830
759,6,2623,합정(6),2025-03,872470
760,6,2624,상수,2025-03,714861
761,6,2625,광흥창,2025-03,564478
762,6,2626,대흥,2025-03,613243
763,6,2627,공덕(6),2025-03,1120871
764,6,2628,효창공원앞,2025-03,458999
765,6,2629,삼각지(6),2025-03,461493
766,6,2630,녹사평,2025-03,339353
767,6,2631,이태원,2025-03,793709
768,6,2632,한강진,2025-03,765779
769,6,2633,버티고개,2025-03,138031
770,6,2634,약수(6),2025-03,230800
771,6,2635,청구(6),2025-03,230888
772,6,2636,신당(6),2025-03,516777
773,6,2637,동묘앞(6),2025-03,592006
774,6,2638,창신,2025-03,208959
775,6,2639,보문,2025-03,495825
776,6,2640,안암,2025-03,910561
777,6,2641,고려대,2025-03,564873
778,6,2642,월곡,2025-03,757008
779,6,2643,상월곡,2025-03,398528
780,6,2644,돌곶이,2025-03,604462
781,6,2645,석계(6),2025-03,777984
782,6,2646,태릉입구(6),2025-03,390351
783,6,2647,화랑대,2025-03,671270
784,6,2648,봉화산,2025-03,512024
785,7,2711,장암,2025-03,126149
786,7,2712,도봉산(7),2025-03,601736
787,7,2713,수락산,2025-03,769318
788,7,2714,마들,2025-03,790154
789,7,2715,노원(7),2025-03,1262454
790,7,2716,중계,2025-03,861328
791,7,2717,하계,2025-03,1084458
792,7,2718,공릉,2025-03,791532
793,7,2719,태릉입구(7),2025-03,534775
794,7,2720,먹골,2025-03,617284
795,7,2721,중화,2025-03,639690
796,7,2722,상봉(7),2025-03,1058451
797,7,2723,면목,2025-03,911023
798,7,2724,사가정,2025-03,988489
799,7,2725,용마산,2025-03,346895
800,7,2726,중곡,2025-03,636715
801,7,2727,군자(7),2025-03,828027
802,7,2728,어린이대공원,2025-03,1134676
803,7,2729,건대입구(7),2025-03,921178
804,7,2730,자양,2025-03,593836
805,7,2731,청담,2025-03,1118496
806,7,2732,강남구청,2025-03,981669
807,7,2733,학동,2025-03,1319181
808,7,2734,논현,2025-03,1098880
809,7,2735,반포,2025-03,385275
810,7,2736,고속터미널(7),2025-03,992269
811,7,2737,내방,2025-03,864341
812,7,2738,이수(7),2025-03,1021524
813,7,2739,남성,2025-03,674327
814,7,2740,숭실대입구,2025-03,955981
815,7,2741,상도,2025-03,770834
816,7,2742,장승배기,2025-03,551304
817,7,2743,신대방삼거리,2025-03,892815
818,7,2744,보라매,2025-03,422731
819,7,2745,신풍,2025-03,701747
820,7,2746,대림(7),2025-03,584421
821,7,2747,남구로,2025-03,892908
822,7,2748,가산디지털단지(7),2025-03,2349093
823,7,2749,철산,2025-03,1283355
824,7,2750,광명사거리,2025-03,1310668
825,7,2751,천왕,2025-03,679991
826,7,2752,온수(7),2025-03,600017
827,8,2810,암사역사공원,2025-03,349597
828,8,2811,암사,2025-03,960811
829,8,2812,천호(8),2025-03,1134933
830,8,2813,강동구청,2025-03,647058
831,8,2814,몽촌토성,2025-03,451292
832,8,2815,잠실(8),2025-03,1255871
833,8,2816,석촌(8),2025-03,581373
834,8,2817,송파,2025-03,582905
835,8,2818,가락시장(8),2025-03,536265
836,8,2819,문정,2025-03,1306097
837,8,2820,장지,2025-03,1007041
838,8,2821,복정(8),2025-03,563191
839,8,2822,산성,2025-03,385083
840,8,2823,남한산성입구,2025-03,812791
841,8,2824,단대오거리,2025-03,732041
842,8,2825,신흥,2025-03,331175
843,8,2826,수진,2025-03,334857
844,8,2827,모란(8),2025-03,302987
845,8,2828,남위례,2025-03,458431
846,9,4126,언주,2025-03,395008
847,9,4127,선정릉,2025-03,346682
848,9,4128,삼성중앙,2025-03,274058
849,9,4129,봉은사,2025-03,776302
850,9,4130,종합운동장(9),2025-03,195324
851,9,4131,삼전,2025-03,309088
852,9,4132,석촌고분,2025-03,274419
853,9,4133,석촌(9),2025-03,361076
854,9,4134,송파나루,2025-03,233050
855,9,4135,한성백제,2025-03,126111
856,9,4136,올림픽공원(9),2025-03,339616
857,9,4137,둔촌오륜,2025-03,156174
858,9,4138,중앙보훈병원,2025-03,432076
859,1,150,서울역(1),2025-04,4325371
860,1,151,시청(1),2025-04,1607937
861,1,152,종각,2025-04,2315453
862,1,153,종로3가(1),2025-04,1573122
863,1,154,종로5가,2025-04,1439949
864,1,155,동대문(1),2025-04,763022
865,1,156,신설동(1),2025-04,864999
866,1,157,제기동,2025-04,1061283
867,1,158,청량리,2025-04,1404324
868,1,159,동묘앞(1),2025-04,667909
869,2,201,시청(2),2025-04,1557592
870,2,202,을지로입구,2025-04,3027913
871,2,203,을지로3가(2),2025-04,1537820
872,2,204,을지로4가(2),2025-04,899004
873,2,205,동대문역사문화공원(2),2025-04,1040180
874,2,206,신당(2),2025-04,940879
875,2,207,상왕십리,2025-04,884051
876,2,208,왕십리(2),2025-04,948941
877,2,209,한양대,2025-04,890933
878,2,210,뚝섬,2025-04,1638377
879,2,211,성수,2025-04,3041128
880,2,212,건대입구(2),2025-04,2336458
881,2,213,구의,2025-04,1506223
882,2,214,강변,2025-04,1622934
883,2,215,잠실나루,2025-04,900129
884,2,216,잠실(2),2025-04,5218179
885,2,217,잠실새내,2025-04,1479892
886,2,218,종합운동장(2),2025-04,1156134
887,2,219,삼성,2025-04,3337214
888,2,220,선릉,2025-04,3140197
889,2,221,역삼,2025-04,3090594
890,2,222,강남,2025-04,4705370
891,2,223,교대(2),2025-04,2041741
892,2,224,서초,2025-04,1314778
893,2,225,방배,2025-04,1135879
894,2,226,사당(2),2025-04,2748816
895,2,227,낙성대,2025-04,1694769
896,2,228,서울대입구,2025-04,2817649
897,2,229,봉천,2025-04,1463827
898,2,230,신림,2025-04,3339498
899,2,231,신대방,2025-04,1537340
900,2,232,구로디지털단지,2025-04,3421305
901,2,233,대림(2),2025-04,1520450
902,2,234,신도림,2025-04,3121820
903,2,235,문래,2025-04,1413130
904,2,236,영등포구청(2),2025-04,1385122
905,2,237,당산,2025-04,1260493
906,2,238,합정(2),2025-04,2083097
907,2,239,홍대입구,2025-04,4568362
908,2,240,신촌,2025-04,2414570
909,2,241,이대,2025-04,1177358
910,2,242,아현,2025-04,659043
911,2,243,충정로(2),2025-04,638583
912,2,244,용답,2025-04,203174
913,2,245,신답,2025-04,107167
914,2,246,신설동(2),2025-04,243709
915,2,247,도림천,2025-04,94874
916,2,248,양천구청,2025-04,434853
917,2,249,신정네거리,2025-04,638246
918,2,250,용두,2025-04,158837
919,3,309,지축,2025-04,474278
920,3,310,구파발,2025-04,1306846
921,3,311,연신내(3),2025-04,2190406
922,3,312,불광(3),2025-04,1072476
923,3,313,녹번,2025-04,901885
924,3,314,홍제,2025-04,1118238
925,3,315,무악재,2025-04,266010
926,3,316,독립문,2025-04,520959
927,3,317,경복궁,2025-04,1814485
928,3,318,안국,2025-04,1749678
929,3,319,종로3가(3),2025-04,785794
930,3,320,을지로3가(3),2025-04,735053
931,3,322,동대입구,2025-04,834933
932,3,323,약수(3),2025-04,778478
933,3,324,금호,2025-04,487682
934,3,325,옥수,2025-04,574019
935,3,326,압구정,2025-04,1895214
936,3,327,신사,2025-04,1675040
937,3,328,잠원,2025-04,321103
938,3,329,고속터미널(3),2025-04,2934570
939,3,330,교대(3),2025-04,801650
940,3,331,남부터미널,2025-04,1844666
941,3,332,양재,2025-04,2331325
942,3,333,매봉,2025-04,782385
943,3,334,도곡,2025-04,388850
944,3,335,대치,2025-04,736398
945,3,336,학여울,2025-04,158880
946,3,337,대청,2025-04,644078
947,3,338,일원,2025-04,660284
948,3,339,수서,2025-04,1173166
949,3,340,가락시장(3),2025-04,547122
950,3,341,경찰병원,2025-04,444297
951,3,342,오금(3),2025-04,378941
952,4,409,불암산,2025-04,564654
953,4,410,상계,2025-04,1209431
954,4,411,노원(4),2025-04,1350614
955,4,412,창동,2025-04,1698916
956,4,413,쌍문,2025-04,1743890
957,4,414,수유,2025-04,2117929
958,4,415,미아,2025-04,996480
959,4,416,미아사거리,2025-04,1595411
960,4,417,길음,2025-04,1372680
961,4,418,성신여대입구,2025-04,1416214
962,4,419,한성대입구,2025-04,963314
963,4,420,혜화,2025-04,2280631
964,4,421,동대문(4),2025-04,1191328
965,4,422,동대문역사문화공원(4),2025-04,1129836
966,4,423,충무로(4),2025-04,2004737
967,4,424,명동,2025-04,2324509
968,4,425,회현,2025-04,1786205
969,4,426,서울역(4),2025-04,1086942
970,4,427,숙대입구,2025-04,974613
971,4,428,삼각지(4),2025-04,435269
972,4,429,신용산,2025-04,1247318
973,4,430,이촌,2025-04,589409
974,4,431,동작,2025-04,162822
975,4,432,이수(총신대입구),2025-04,1259626
976,4,433,사당(4),2025-04,1551901
977,4,434,남태령,2025-04,84458
978,5,2511,방화,2025-04,425057
979,5,2512,개화산,2025-04,359950
980,5,2513,김포공항(5),2025-04,608437
981,5,2514,송정,2025-04,384150
982,5,2515,마곡,2025-04,764578
983,5,2516,발산,2025-04,1413617
984,5,2517,우장산,2025-04,913371
985,5,2518,화곡,2025-04,1677283
986,5,2519,까치산(5),2025-04,1667776
987,5,2520,신정,2025-04,745784
988,5,2521,목동,2025-04,1058508
989,5,2522,오목교,2025-04,1321899
990,5,2523,양평(5),2025-04,483333
991,5,2524,영등포구청(5),2025-04,308731
992,5,2525,영등포시장,2025-04,750590
993,5,2526,신길(5),2025-04,318665
994,5,2527,여의도(5),2025-04,1780238
995,5,2528,여의나루,2025-04,1159016
996,5,2529,마포,2025-04,893506
997,5,2530,공덕(5),2025-04,917239
998,5,2531,애오개,2025-04,396030
999,5,2532,충정로(5),2025-04,299249
1000,5,2533,서대문,2025-04,1228399
1001,5,2534,광화문,2025-04,2075225
1002,5,2535,종로3가(5),2025-04,1064621
1003,5,2536,을지로4가(5),2025-04,404721
1004,5,2537,동대문역사문화공원(5),2025-04,202241
1005,5,2538,청구(5),2025-04,221424
1006,5,2539,신금호,2025-04,401984
1007,5,2540,행당,2025-04,465760
1008,5,2541,왕십리(5),2025-04,291909
1009,5,2542,마장,2025-04,360567
1010,5,2543,답십리,2025-04,974610
1011,5,2544,장한평,2025-04,1200713
1012,5,2545,군자(5),2025-04,779156
1013,5,2546,아차산,2025-04,950318
1014,5,2547,광나루,2025-04,720542
1015,5,2548,천호(5),2025-04,1211984
1016,5,2549,강동,2025-04,1138407
1017,5,2550,길동,2025-04,555564
1018,5,2551,굽은다리,2025-04,594092
1019,5,2552,명일,2025-04,518911
1020,5,2553,고덕,2025-04,648756
1021,5,2554,상일동,2025-04,875567
1022,5,2555,둔촌동,2025-04,766319
1023,5,2556,올림픽공원(5),2025-04,326461
1024,5,2557,방이,2025-04,466903
1025,5,2558,오금(5),2025-04,229899
1026,5,2559,개롱,2025-04,424257
1027,5,2560,거여,2025-04,617506
1028,5,2561,마천,2025-04,427616
1029,5,2562,강일,2025-04,367836
1030,5,2563,미사,2025-04,1123867
1031,5,2564,하남풍산,2025-04,290135
1032,5,2565,하남시청,2025-04,529348
1033,5,2566,하남검단산,2025-04,407787
1034,6,2611,응암,2025-04,1119590
1035,6,2612,역촌,2025-04,254046
1036,6,2613,불광(6),2025-04,288229
1037,6,2614,독바위,2025-04,175191
1038,6,2616,구산,2025-04,450337
1039,6,2617,새절,2025-04,778375
1040,6,2618,증산,2025-04,594888
1041,6,2619,디지털미디어시티(6),2025-04,928288
1042,6,2620,월드컵경기장,2025-04,367480
1043,6,2621,마포구청,2025-04,865236
1044,6,2622,망원,2025-04,1048571
1045,6,2623,합정(6),2025-04,854874
1046,6,2624,상수,2025-04,693089
1047,6,2625,광흥창,2025-04,580252
1048,6,2626,대흥,2025-04,624655
1049,6,2627,공덕(6),2025-04,1149496
1050,6,2628,효창공원앞,2025-04,468443
1051,6,2629,삼각지(6),2025-04,470569
1052,6,2630,녹사평,2025-04,339071
1053,6,2631,이태원,2025-04,784845
1054,6,2632,한강진,2025-04,704551
1055,6,2633,버티고개,2025-04,148922
1056,6,2634,약수(6),2025-04,232617
1057,6,2635,청구(6),2025-04,236265
1058,6,2636,신당(6),2025-04,510261
1059,6,2637,동묘앞(6),2025-04,574568
1060,6,2638,창신,2025-04,218098
1061,6,2639,보문,2025-04,507779
1062,6,2640,안암,2025-04,879316
1063,6,2641,고려대,2025-04,568664
1064,6,2642,월곡,2025-04,757940
1065,6,2643,상월곡,2025-04,407419
1066,6,2644,돌곶이,2025-04,631356
1067,6,2645,석계(6),2025-04,780592
1068,6,2646,태릉입구(6),2025-04,390364
1069,6,2647,화랑대,2025-04,684168
1070,6,2648,봉화산,2025-04,520820
1071,7,2711,장암,2025-04,133033
1072,7,2712,도봉산(7),2025-04,615022
1073,7,2713,수락산,2025-04,764582
1074,7,2714,마들,2025-04,804036
1075,7,2715,노원(7),2025-04,1245499
1076,7,2716,중계,2025-04,882766
1077,7,2717,하계,2025-04,1100238
1078,7,2718,공릉,2025-04,775594
1079,7,2719,태릉입구(7),2025-04,537680
1080,7,2720,먹골,2025-04,620385
1081,7,2721,중화,2025-04,650857
1082,7,2722,상봉(7),2025-04,1059316
1083,7,2723,면목,2025-04,924176
1084,7,2724,사가정,2025-04,992585
1085,7,2725,용마산,2025-04,350914
1086,7,2726,중곡,2025-04,648610
1087,7,2727,군자(7),2025-04,827038
1088,7,2728,어린이대공원,2025-04,1200895
1089,7,2729,건대입구(7),2025-04,890519
1090,7,2730,자양,2025-04,702055
1091,7,2731,청담,2025-04,1152034
1092,7,2732,강남구청,2025-04,1011131
1093,7,2733,학동,2025-04,1364484
1094,7,2734,논현,2025-04,1131974
1095,7,2735,반포,2025-04,391991
1096,7,2736,고속터미널(7),2025-04,1002989
1097,7,2737,내방,2025-04,889055
1098,7,2738,이수(7),2025-04,1025917
1099,7,2739,남성,2025-04,681956
1100,7,2740,숭실대입구,2025-04,956776
1101,7,2741,상도,2025-04,774267
1102,7,2742,장승배기,2025-04,557865
1103,7,2743,신대방삼거리,2025-04,905824
1104,7,2744,보라매,2025-04,429042
1105,7,2745,신풍,2025-04,713766
1106,7,2746,대림(7),2025-04,558498
1107,7,2747,남구로,2025-04,914961
1108,7,2748,가산디지털단지(7),2025-04,2505793
1109,7,2749,철산,2025-04,1300198
1110,7,2750,광명사거리,2025-04,1319103
1111,7,2751,천왕,2025-04,698018
1112,7,2752,온수(7),2025-04,621002
1113,8,2810,암사역사공원,2025-04,375846
1114,8,2811,암사,2025-04,968570
1115,8,2812,천호(8),2025-04,1130501
1116,8,2813,강동구청,2025-04,657545
1117,8,2814,몽촌토성,2025-04,478193
1118,8,2815,잠실(8),2025-04,1319702
1119,8,2816,석촌(8),2025-04,620646
1120,8,2817,송파,2025-04,587877
1121,8,2818,가락시장(8),2025-04,540121
1122,8,2819,문정,2025-04,1364246
1123,8,2820,장지,2025-04,1015126
1124,8,2821,복정(8),2025-04,585089
1125,8,2822,산성,2025-04,393131
1126,8,2823,남한산성입구,2025-04,826978
1127,8,2824,단대오거리,2025-04,742382
1128,8,2825,신흥,2025-04,328441
1129,8,2826,수진,2025-04,335324
1130,8,2827,모란(8),2025-04,301838
1131,8,2828,남위례,2025-04,474600
1132,9,4126,언주,2025-04,405598
1133,9,4127,선정릉,2025-04,362074
1134,9,4128,삼성중앙,2025-04,284523
1135,9,4129,봉은사,2025-04,810878
1136,9,4130,종합운동장(9),2025-04,199835
1137,9,4131,삼전,2025-04,312602
1138,9,4132,석촌고분,2025-04,283346
1139,9,4133,석촌(9),2025-04,381840
1140,9,4134,송파나루,2025-04,240848
1141,9,4135,한성백제,2025-04,132845
1142,9,4136,올림픽공원(9),2025-04,328857
1143,9,4137,둔촌오륜,2025-04,165908
1144,9,4138,중앙보훈병원,2025-04,444343
1145,1,150,서울역(1),2025-05,4379447
1146,1,151,시청(1),2025-05,1558874
1147,1,152,종각,2025-05,2185274
1148,1,153,종로3가(1),2025-05,1561699
1149,1,154,종로5가,2025-05,1423747
1150,1,155,동대문(1),2025-05,782190
1151,1,156,신설동(1),2025-05,852717
1152,1,157,제기동,2025-05,1048392
1153,1,158,청량리,2025-05,1423955
1154,1,159,동묘앞(1),2025-05,717298
1155,2,201,시청(2),2025-05,1447381
1156,2,202,을지로입구,2025-05,2904336
1157,2,203,을지로3가(2),2025-05,1474554
1158,2,204,을지로4가(2),2025-05,866906
1159,2,205,동대문역사문화공원(2),2025-05,1067570
1160,2,206,신당(2),2025-05,935209
1161,2,207,상왕십리,2025-05,858920
1162,2,208,왕십리(2),2025-05,948629
1163,2,209,한양대,2025-05,835101
1164,2,210,뚝섬,2025-05,1569298
1165,2,211,성수,2025-05,3117461
1166,2,212,건대입구(2),2025-05,2439711
1167,2,213,구의,2025-05,1520665
1168,2,214,강변,2025-05,1700753
1169,2,215,잠실나루,2025-05,852852
1170,2,216,잠실(2),2025-05,5081690
1171,2,217,잠실새내,2025-05,1469734
1172,2,218,종합운동장(2),2025-05,1206168
1173,2,219,삼성,2025-05,3135989
1174,2,220,선릉,2025-05,2939244
1175,2,221,역삼,2025-05,2793418
1176,2,222,강남,2025-05,4584263
1177,2,223,교대(2),2025-05,1922761
1178,2,224,서초,2025-05,1259650
1179,2,225,방배,2025-05,1067897
1180,2,226,사당(2),2025-05,2710075
1181,2,227,낙성대,2025-05,1670101
1182,2,228,서울대입구,2025-05,2805291
1183,2,229,봉천,2025-05,1432846
1184,2,230,신림,2025-05,3335592
1185,2,231,신대방,2025-05,1544768
1186,2,232,구로디지털단지,2025-05,3290870
1187,2,233,대림(2),2025-05,1522538
1188,2,234,신도림,2025-05,3061680
1189,2,235,문래,2025-05,1356389
1190,2,236,영등포구청(2),2025-05,1331704
1191,2,237,당산,2025-05,1212876
1192,2,238,합정(2),2025-05,2080096
1193,2,239,홍대입구,2025-05,4966490
1194,2,240,신촌,2025-05,2445264
1195,2,241,이대,2025-05,1142052
1196,2,242,아현,2025-05,655770
1197,2,243,충정로(2),2025-05,601612
1198,2,244,용답,2025-05,197253
1199,2,245,신답,2025-05,102564
1200,2,246,신설동(2),2025-05,243495
1201,2,247,도림천,2025-05,81946
1202,2,248,양천구청,2025-05,428781
1203,2,249,신정네거리,2025-05,631605
1204,2,250,용두,2025-05,154161
1205,3,309,지축,2025-05,467868
1206,3,310,구파발,2025-05,1319523
1207,3,311,연신내(3),2025-05,2206771
1208,3,312,불광(3),2025-05,1079757
1209,3,313,녹번,2025-05,874504
1210,3,314,홍제,2025-05,1103055
1211,3,315,무악재,2025-05,259659
1212,3,316,독립문,2025-05,524657
1213,3,317,경복궁,2025-05,1884088
1214,3,318,안국,2025-05,1834920
1215,3,319,종로3가(3),2025-05,783839
1216,3,320,을지로3가(3),2025-05,713621
1217,3,322,동대입구,2025-05,816392
1218,3,323,약수(3),2025-05,769594
1219,3,324,금호,2025-05,475807
1220,3,325,옥수,2025-05,570482
1221,3,326,압구정,2025-05,1882957
1222,3,327,신사,2025-05,1626364
1223,3,328,잠원,2025-05,317457
1224,3,329,고속터미널(3),2025-05,3238118
1225,3,330,교대(3),2025-05,756904
1226,3,331,남부터미널,2025-05,1810399
1227,3,332,양재,2025-05,2178143
1228,3,333,매봉,2025-05,708305
1229,3,334,도곡,2025-05,367235
1230,3,335,대치,2025-05,735869
1231,3,336,학여울,2025-05,141947
1232,3,337,대청,2025-05,616833
1233,3,338,일원,2025-05,632254
1234,3,339,수서,2025-05,1161769
1235,3,340,가락시장(3),2025-05,527701
1236,3,341,경찰병원,2025-05,426046
1237,3,342,오금(3),2025-05,361938
1238,4,409,불암산,2025-05,568323
1239,4,410,상계,2025-05,1172073
1240,4,411,노원(4),2025-05,1373058
1241,4,412,창동,2025-05,1714537
1242,4,413,쌍문,2025-05,1719367
1243,4,414,수유,2025-05,2108012
1244,4,415,미아,2025-05,978903
1245,4,416,미아사거리,2025-05,1589258
1246,4,417,길음,2025-05,1341883
1247,4,418,성신여대입구,2025-05,1403548
1248,4,419,한성대입구,2025-05,955767
1249,4,420,혜화,2025-05,2379898
1250,4,421,동대문(4),2025-05,1209102
1251,4,422,동대문역사문화공원(4),2025-05,1157158
1252,4,423,충무로(4),2025-05,1917299
1253,4,424,명동,2025-05,2297409
1254,4,425,회현,2025-05,1762673
1255,4,426,서울역(4),2025-05,1067214
1256,4,427,숙대입구,2025-05,949730
1257,4,428,삼각지(4),2025-05,440189
1258,4,429,신용산,2025-05,1297757
1259,4,430,이촌,2025-05,650962
1260,4,431,동작,2025-05,166598
1261,4,432,이수(총신대입구),2025-05,1245117
1262,4,433,사당(4),2025-05,1546239
1263,4,434,남태령,2025-05,83764
1264,5,2511,방화,2025-05,420621
1265,5,2512,개화산,2025-05,352542
1266,5,2513,김포공항(5),2025-05,607981
1267,5,2514,송정,2025-05,379764
1268,5,2515,마곡,2025-05,764207
1269,5,2516,발산,2025-05,1364648
1270,5,2517,우장산,2025-05,897611
1271,5,2518,화곡,2025-05,1651155
1272,5,2519,까치산(5),2025-05,1640679
1273,5,2520,신정,2025-05,739720
1274,5,2521,목동,2025-05,1032903
1275,5,2522,오목교,2025-05,1301513
1276,5,2523,양평(5),2025-05,454815
1277,5,2524,영등포구청(5),2025-05,294822
1278,5,2525,영등포시장,2025-05,723954
1279,5,2526,신길(5),2025-05,303581
1280,5,2527,여의도(5),2025-05,1615941
1281,5,2528,여의나루,2025-05,1002708
1282,5,2529,마포,2025-05,841904
1283,5,2530,공덕(5),2025-05,853567
1284,5,2531,애오개,2025-05,376874
1285,5,2532,충정로(5),2025-05,274977
1286,5,2533,서대문,2025-05,1140793
1287,5,2534,광화문,2025-05,2038044
1288,5,2535,종로3가(5),2025-05,1075122
1289,5,2536,을지로4가(5),2025-05,388876
1290,5,2537,동대문역사문화공원(5),2025-05,190538
1291,5,2538,청구(5),2025-05,212696
1292,5,2539,신금호,2025-05,391411
1293,5,2540,행당,2025-05,457416
1294,5,2541,왕십리(5),2025-05,287851
1295,5,2542,마장,2025-05,347689
1296,5,2543,답십리,2025-05,939854
1297,5,2544,장한평,2025-05,1161864
1298,5,2545,군자(5),2025-05,770234
1299,5,2546,아차산,2025-05,971763
1300,5,2547,광나루,2025-05,715450
1301,5,2548,천호(5),2025-05,1236883
1302,5,2549,강동,2025-05,1112997
1303,5,2550,길동,2025-05,552293
1304,5,2551,굽은다리,2025-05,591640
1305,5,2552,명일,2025-05,509984
1306,5,2553,고덕,2025-05,630745
1307,5,2554,상일동,2025-05,856082
1308,5,2555,둔촌동,2025-05,755629
1309,5,2556,올림픽공원(5),2025-05,373180
1310,5,2557,방이,2025-05,458777
1311,5,2558,오금(5),2025-05,219684
1312,5,2559,개롱,2025-05,407371
1313,5,2560,거여,2025-05,599047
1314,5,2561,마천,2025-05,419743
1315,5,2562,강일,2025-05,364516
1316,5,2563,미사,2025-05,1124362
1317,5,2564,하남풍산,2025-05,281060
1318,5,2565,하남시청,2025-05,527108
1319,5,2566,하남검단산,2025-05,415223
1320,6,2611,응암,2025-05,1082151
1321,6,2612,역촌,2025-05,250278
1322,6,2613,불광(6),2025-05,291583
1323,6,2614,독바위,2025-05,173660
1324,6,2616,구산,2025-05,445264
1325,6,2617,새절,2025-05,750370
1326,6,2618,증산,2025-05,583155
1327,6,2619,디지털미디어시티(6),2025-05,885190
1328,6,2620,월드컵경기장,2025-05,427585
1329,6,2621,마포구청,2025-05,842957
1330,6,2622,망원,2025-05,1059057
1331,6,2623,합정(6),2025-05,846793
1332,6,2624,상수,2025-05,713333
1333,6,2625,광흥창,2025-05,562557
1334,6,2626,대흥,2025-05,612055
1335,6,2627,공덕(6),2025-05,1088190
1336,6,2628,효창공원앞,2025-05,451534
1337,6,2629,삼각지(6),2025-05,473916
1338,6,2630,녹사평,2025-05,361154
1339,6,2631,이태원,2025-05,825870
1340,6,2632,한강진,2025-05,723107
1341,6,2633,버티고개,2025-05,131799
1342,6,2634,약수(6),2025-05,239079
1343,6,2635,청구(6),2025-05,227012
1344,6,2636,신당(6),2025-05,506572
1345,6,2637,동묘앞(6),2025-05,590274
1346,6,2638,창신,2025-05,207502
1347,6,2639,보문,2025-05,497600
1348,6,2640,안암,2025-05,899637
1349,6,2641,고려대,2025-05,574365
1350,6,2642,월곡,2025-05,731789
1351,6,2643,상월곡,2025-05,400136
1352,6,2644,돌곶이,2025-05,646661
1353,6,2645,석계(6),2025-05,778219
1354,6,2646,태릉입구(6),2025-05,476289
1355,6,2647,화랑대,2025-05,666666
1356,6,2648,봉화산,2025-05,506988
1357,7,2711,장암,2025-05,133521
1358,7,2712,도봉산(7),2025-05,618607
1359,7,2713,수락산,2025-05,768659
1360,7,2714,마들,2025-05,794427
1361,7,2715,노원(7),2025-05,1274802
1362,7,2716,중계,2025-05,863127
1363,7,2717,하계,2025-05,1079079
1364,7,2718,공릉,2025-05,781831
1365,7,2719,태릉입구(7),2025-05,645190
1366,7,2720,먹골,2025-05,647248
1367,7,2721,중화,2025-05,665702
1368,7,2722,상봉(7),2025-05,1061935
1369,7,2723,면목,2025-05,908753
1370,7,2724,사가정,2025-05,985496
1371,7,2725,용마산,2025-05,348997
1372,7,2726,중곡,2025-05,631531
1373,7,2727,군자(7),2025-05,821616
1374,7,2728,어린이대공원,2025-05,1187729
1375,7,2729,건대입구(7),2025-05,908101
1376,7,2730,자양,2025-05,758376
1377,7,2731,청담,2025-05,1083236
1378,7,2732,강남구청,2025-05,959762
1379,7,2733,학동,2025-05,1267487
1380,7,2734,논현,2025-05,1083053
1381,7,2735,반포,2025-05,392732
1382,7,2736,고속터미널(7),2025-05,1038241
1383,7,2737,내방,2025-05,853118
1384,7,2738,이수(7),2025-05,999662
1385,7,2739,남성,2025-05,669120
1386,7,2740,숭실대입구,2025-05,927159
1387,7,2741,상도,2025-05,764952
1388,7,2742,장승배기,2025-05,541588
1389,7,2743,신대방삼거리,2025-05,883794
1390,7,2744,보라매,2025-05,445604
1391,7,2745,신풍,2025-05,692816
1392,7,2746,대림(7),2025-05,582345
1393,7,2747,남구로,2025-05,878119
1394,7,2748,가산디지털단지(7),2025-05,2285857
1395,7,2749,철산,2025-05,1271140
1396,7,2750,광명사거리,2025-05,1303140
1397,7,2751,천왕,2025-05,684250
1398,7,2752,온수(7),2025-05,591041
1399,8,2810,암사역사공원,2025-05,374050
1400,8,2811,암사,2025-05,947096
1401,8,2812,천호(8),2025-05,1126092
1402,8,2813,강동구청,2025-05,639062
1403,8,2814,몽촌토성,2025-05,485031
1404,8,2815,잠실(8),2025-05,1295690
1405,8,2816,석촌(8),2025-05,576050
1406,8,2817,송파,2025-05,577101
1407,8,2818,가락시장(8),2025-05,522461
1408,8,2819,문정,2025-05,1249210
1409,8,2820,장지,2025-05,988986
1410,8,2821,복정(8),2025-05,550033
1411,8,2822,산성,2025-05,384944
1412,8,2823,남한산성입구,2025-05,791346
1413,8,2824,단대오거리,2025-05,720889
1414,8,2825,신흥,2025-05,327599
1415,8,2826,수진,2025-05,330194
1416,8,2827,모란(8),2025-05,304197
1417,8,2828,남위례,2025-05,460435
1418,9,4126,언주,2025-05,377963
1419,9,4127,선정릉,2025-05,338222
1420,9,4128,삼성중앙,2025-05,260698
1421,9,4129,봉은사,2025-05,796725
1422,9,4130,종합운동장(9),2025-05,194847
1423,9,4131,삼전,2025-05,307509
1424,9,4132,석촌고분,2025-05,269680
1425,9,4133,석촌(9),2025-05,366214
1426,9,4134,송파나루,2025-05,234913
1427,9,4135,한성백제,2025-05,133565
1428,9,4136,올림픽공원(9),2025-05,404306
1429,9,4137,둔촌오륜,2025-05,165182
1430,9,4138,중앙보훈병원,2025-05,433782
1431,1,150,서울역(1),2025-06,4122773
1432,1,151,시청(1),2025-06,1468448
1433,1,152,종각,2025-06,2089369
1434,1,153,종로3가(1),2025-06,1451829
1435,1,154,종로5가,2025-06,1350816
1436,1,155,동대문(1),2025-06,741269
1437,1,156,신설동(1),2025-06,818176
1438,1,157,제기동,2025-06,984081
1439,1,158,청량리,2025-06,1342515
1440,1,159,동묘앞(1),2025-06,653068
1441,2,201,시청(2),2025-06,1388835
1442,2,202,을지로입구,2025-06,2828600
1443,2,203,을지로3가(2),2025-06,1417412
1444,2,204,을지로4가(2),2025-06,825424
1445,2,205,동대문역사문화공원(2),2025-06,1023586
1446,2,206,신당(2),2025-06,884575
1447,2,207,상왕십리,2025-06,816926
1448,2,208,왕십리(2),2025-06,887109
1449,2,209,한양대,2025-06,678931
1450,2,210,뚝섬,2025-06,1488702
1451,2,211,성수,2025-06,2939683
1452,2,212,건대입구(2),2025-06,2189850
1453,2,213,구의,2025-06,1511651
1454,2,214,강변,2025-06,1553553
1455,2,215,잠실나루,2025-06,813624
1456,2,216,잠실(2),2025-06,4497860
1457,2,217,잠실새내,2025-06,1373206
1458,2,218,종합운동장(2),2025-06,1082287
1459,2,219,삼성,2025-06,3065319
1460,2,220,선릉,2025-06,2871172
1461,2,221,역삼,2025-06,2731187
1462,2,222,강남,2025-06,4402334
1463,2,223,교대(2),2025-06,1827954
1464,2,224,서초,2025-06,1225207
1465,2,225,방배,2025-06,979727
1466,2,226,사당(2),2025-06,2599545
1467,2,227,낙성대,2025-06,1584893
1468,2,228,서울대입구,2025-06,2629866
1469,2,229,봉천,2025-06,1385735
1470,2,230,신림,2025-06,3179649
1471,2,231,신대방,2025-06,1483320
1472,2,232,구로디지털단지,2025-06,3178956
1473,2,233,대림(2),2025-06,1442486
1474,2,234,신도림,2025-06,2945342
1475,2,235,문래,2025-06,1321540
1476,2,236,영등포구청(2),2025-06,1281609
1477,2,237,당산,2025-06,1146914
1478,2,238,합정(2),2025-06,1962194
1479,2,239,홍대입구,2025-06,4516932
1480,2,240,신촌,2025-06,2217374
1481,2,241,이대,2025-06,1006061
1482,2,242,아현,2025-06,611764
1483,2,243,충정로(2),2025-06,578996
1484,2,244,용답,2025-06,184700
1485,2,245,신답,2025-06,99006
1486,2,246,신설동(2),2025-06,228833
1487,2,247,도림천,2025-06,76841
1488,2,248,양천구청,2025-06,403414
1489,2,249,신정네거리,2025-06,593666
1490,2,250,용두,2025-06,148824
1491,3,309,지축,2025-06,445920
1492,3,310,구파발,2025-06,1258889
1493,3,311,연신내(3),2025-06,2069582
1494,3,312,불광(3),2025-06,1015137
1495,3,313,녹번,2025-06,825276
1496,3,314,홍제,2025-06,1017820
1497,3,315,무악재,2025-06,243071
1498,3,316,독립문,2025-06,476731
1499,3,317,경복궁,2025-06,1698854
1500,3,318,안국,2025-06,1663310
1501,3,319,종로3가(3),2025-06,723041
1502,3,320,을지로3가(3),2025-06,678591
1503,3,322,동대입구,2025-06,658005
1504,3,323,약수(3),2025-06,728395
1505,3,324,금호,2025-06,455041
1506,3,325,옥수,2025-06,544620
1507,3,326,압구정,2025-06,1820402
1508,3,327,신사,2025-06,1547268
1509,3,328,잠원,2025-06,299043
1510,3,329,고속터미널(3),2025-06,2954200
1511,3,330,교대(3),2025-06,712646
1512,3,331,남부터미널,2025-06,1723654
1513,3,332,양재,2025-06,2083426
1514,3,333,매봉,2025-06,685432
1515,3,334,도곡,2025-06,338447
1516,3,335,대치,2025-06,697474
1517,3,336,학여울,2025-06,139316
1518,3,337,대청,2025-06,592760
1519,3,338,일원,2025-06,611812
1520,3,339,수서,2025-06,1102444
1521,3,340,가락시장(3),2025-06,507315
1522,3,341,경찰병원,2025-06,411756
1523,3,342,오금(3),2025-06,344991
1524,4,409,불암산,2025-06,544344
1525,4,410,상계,2025-06,1106975
1526,4,411,노원(4),2025-06,1277526
1527,4,412,창동,2025-06,1630261
1528,4,413,쌍문,2025-06,1625817
1529,4,414,수유,2025-06,1981885
1530,4,415,미아,2025-06,915909
1531,4,416,미아사거리,2025-06,1500714
1532,4,417,길음,2025-06,1234164
1533,4,418,성신여대입구,2025-06,1277843
1534,4,419,한성대입구,2025-06,844608
1535,4,420,혜화,2025-06,2098344
1536,4,421,동대문(4),2025-06,1132057
1537,4,422,동대문역사문화공원(4),2025-06,1106761
1538,4,423,충무로(4),2025-06,1767956
1539,4,424,명동,2025-06,2205481
1540,4,425,회현,2025-06,1662761
1541,4,426,서울역(4),2025-06,1028787
1542,4,427,숙대입구,2025-06,881427
1543,4,428,삼각지(4),2025-06,427171
1544,4,429,신용산,2025-06,1282963
1545,4,430,이촌,2025-06,620838
1546,4,431,동작,2025-06,164817
1547,4,432,이수(총신대입구),2025-06,1183359
1548,4,433,사당(4),2025-06,1462906
1549,4,434,남태령,2025-06,78494
1550,5,2511,방화,2025-06,405094
1551,5,2512,개화산,2025-06,342565
1552,5,2513,김포공항(5),2025-06,592764
1553,5,2514,송정,2025-06,366071
1554,5,2515,마곡,2025-06,751148
1555,5,2516,발산,2025-06,1315515
1556,5,2517,우장산,2025-06,855097
1557,5,2518,화곡,2025-06,1572131
1558,5,2519,까치산(5),2025-06,1564063
1559,5,2520,신정,2025-06,701759
1560,5,2521,목동,2025-06,984329
1561,5,2522,오목교,2025-06,1218187
1562,5,2523,양평(5),2025-06,443868
1563,5,2524,영등포구청(5),2025-06,285856
1564,5,2525,영등포시장,2025-06,699204
1565,5,2526,신길(5),2025-06,292980
1566,5,2527,여의도(5),2025-06,1560860
1567,5,2528,여의나루,2025-06,827246
1568,5,2529,마포,2025-06,811440
1569,5,2530,공덕(5),2025-06,815807
1570,5,2531,애오개,2025-06,359874
1571,5,2532,충정로(5),2025-06,265029
1572,5,2533,서대문,2025-06,1073949
1573,5,2534,광화문,2025-06,1947850
1574,5,2535,종로3가(5),2025-06,962219
1575,5,2536,을지로4가(5),2025-06,371308
1576,5,2537,동대문역사문화공원(5),2025-06,184519
1577,5,2538,청구(5),2025-06,201410
1578,5,2539,신금호,2025-06,373855
1579,5,2540,행당,2025-06,434439
1580,5,2541,왕십리(5),2025-06,274909
1581,5,2542,마장,2025-06,326585
1582,5,2543,답십리,2025-06,898169
1583,5,2544,장한평,2025-06,1117389
1584,5,2545,군자(5),2025-06,723988
1585,5,2546,아차산,2025-06,876193
1586,5,2547,광나루,2025-06,661347
1587,5,2548,천호(5),2025-06,1178930
1588,5,2549,강동,2025-06,1061053
1589,5,2550,길동,2025-06,521966
1590,5,2551,굽은다리,2025-06,570988
1591,5,2552,명일,2025-06,482163
1592,5,2553,고덕,2025-06,590448
1593,5,2554,상일동,2025-06,813407
1594,5,2555,둔촌동,2025-06,718018
1595,5,2556,올림픽공원(5),2025-06,308921
1596,5,2557,방이,2025-06,439410
1597,5,2558,오금(5),2025-06,211681
1598,5,2559,개롱,2025-06,390070
1599,5,2560,거여,2025-06,569054
1600,5,2561,마천,2025-06,397770
1601,5,2562,강일,2025-06,341440
1602,5,2563,미사,2025-06,1044612
1603,5,2564,하남풍산,2025-06,267055
1604,5,2565,하남시청,2025-06,487932
1605,5,2566,하남검단산,2025-06,387800
1606,6,2611,응암,2025-06,1027264
1607,6,2612,역촌,2025-06,241751
1608,6,2613,불광(6),2025-06,273851
1609,6,2614,독바위,2025-06,165544
1610,6,2616,구산,2025-06,424670
1611,6,2617,새절,2025-06,705600
1612,6,2618,증산,2025-06,545119
1613,6,2619,디지털미디어시티(6),2025-06,844044
1614,6,2620,월드컵경기장,2025-06,358942
1615,6,2621,마포구청,2025-06,803502
1616,6,2622,망원,2025-06,984573
1617,6,2623,합정(6),2025-06,793886
1618,6,2624,상수,2025-06,643298
1619,6,2625,광흥창,2025-06,538587
1620,6,2626,대흥,2025-06,566592
1621,6,2627,공덕(6),2025-06,1044446
1622,6,2628,효창공원앞,2025-06,419915
1623,6,2629,삼각지(6),2025-06,452175
1624,6,2630,녹사평,2025-06,336008
1625,6,2631,이태원,2025-06,773071
1626,6,2632,한강진,2025-06,600323
1627,6,2633,버티고개,2025-06,129083
1628,6,2634,약수(6),2025-06,223785
1629,6,2635,청구(6),2025-06,216631
1630,6,2636,신당(6),2025-06,498675
1631,6,2637,동묘앞(6),2025-06,537146
1632,6,2638,창신,2025-06,191105
1633,6,2639,보문,2025-06,459497
1634,6,2640,안암,2025-06,744410
1635,6,2641,고려대,2025-06,499849
1636,6,2642,월곡,2025-06,670942
1637,6,2643,상월곡,2025-06,367811
1638,6,2644,돌곶이,2025-06,627259
1639,6,2645,석계(6),2025-06,724776
1640,6,2646,태릉입구(6),2025-06,377405
1641,6,2647,화랑대,2025-06,600609
1642,6,2648,봉화산,2025-06,482189
1643,7,2711,장암,2025-06,124361
1644,7,2712,도봉산(7),2025-06,574465
1645,7,2713,수락산,2025-06,735050
1646,7,2714,마들,2025-06,749987
1647,7,2715,노원(7),2025-06,1197726
1648,7,2716,중계,2025-06,819255
1649,7,2717,하계,2025-06,1004692
1650,7,2718,공릉,2025-06,734395
1651,7,2719,태릉입구(7),2025-06,507721
1652,7,2720,먹골,2025-06,584966
1653,7,2721,중화,2025-06,604938
1654,7,2722,상봉(7),2025-06,985747
1655,7,2723,면목,2025-06,843071
1656,7,2724,사가정,2025-06,926923
1657,7,2725,용마산,2025-06,332297
1658,7,2726,중곡,2025-06,603964
1659,7,2727,군자(7),2025-06,784305
1660,7,2728,어린이대공원,2025-06,977853
1661,7,2729,건대입구(7),2025-06,822755
1662,7,2730,자양,2025-06,592494
1663,7,2731,청담,2025-06,1046962
1664,7,2732,강남구청,2025-06,922008
1665,7,2733,학동,2025-06,1227142
1666,7,2734,논현,2025-06,1042443
1667,7,2735,반포,2025-06,371113
1668,7,2736,고속터미널(7),2025-06,955002
1669,7,2737,내방,2025-06,808794
1670,7,2738,이수(7),2025-06,964014
1671,7,2739,남성,2025-06,634957
1672,7,2740,숭실대입구,2025-06,781127
1673,7,2741,상도,2025-06,698023
1674,7,2742,장승배기,2025-06,522759
1675,7,2743,신대방삼거리,2025-06,843825
1676,7,2744,보라매,2025-06,418454
1677,7,2745,신풍,2025-06,663584
1678,7,2746,대림(7),2025-06,552841
1679,7,2747,남구로,2025-06,848886
1680,7,2748,가산디지털단지(7),2025-06,2248091
1681,7,2749,철산,2025-06,1227662
1682,7,2750,광명사거리,2025-06,1244614
1683,7,2751,천왕,2025-06,653839
1684,7,2752,온수(7),2025-06,552520
1685,8,2810,암사역사공원,2025-06,356980
1686,8,2811,암사,2025-06,901486
1687,8,2812,천호(8),2025-06,1078262
1688,8,2813,강동구청,2025-06,606358
1689,8,2814,몽촌토성,2025-06,436140
1690,8,2815,잠실(8),2025-06,1185340
1691,8,2816,석촌(8),2025-06,538619
1692,8,2817,송파,2025-06,553122
1693,8,2818,가락시장(8),2025-06,499288
1694,8,2819,문정,2025-06,1221266
1695,8,2820,장지,2025-06,939909
1696,8,2821,복정(8),2025-06,522601
1697,8,2822,산성,2025-06,365846
1698,8,2823,남한산성입구,2025-06,726443
1699,8,2824,단대오거리,2025-06,680241
1700,8,2825,신흥,2025-06,308088
1701,8,2826,수진,2025-06,315106
1702,8,2827,모란(8),2025-06,283381
1703,8,2828,남위례,2025-06,433149
1704,9,4126,언주,2025-06,373514
1705,9,4127,선정릉,2025-06,328690
1706,9,4128,삼성중앙,2025-06,260688
1707,9,4129,봉은사,2025-06,759359
1708,9,4130,종합운동장(9),2025-06,195208
1709,9,4131,삼전,2025-06,296426
1710,9,4132,석촌고분,2025-06,258099
1711,9,4133,석촌(9),2025-06,343986
1712,9,4134,송파나루,2025-06,219494
1713,9,4135,한성백제,2025-06,125471
1714,9,4136,올림픽공원(9),2025-06,326400
1715,9,4137,둔촌오륜,2025-06,161117
1716,9,4138,중앙보훈병원,2025-06,425427
1717,1,150,서울역(1),2025-07,4295662
1718,1,151,시청(1),2025-07,1517606
1719,1,152,종각,2025-07,2288852
1720,1,153,종로3가(1),2025-07,1419176
1721,1,154,종로5가,2025-07,1383313
1722,1,155,동대문(1),2025-07,719582
1723,1,156,신설동(1),2025-07,844358
1724,1,157,제기동,2025-07,962588
1725,1,158,청량리,2025-07,1342766
1726,1,159,동묘앞(1),2025-07,593989
1727,2,201,시청(2),2025-07,1520768
1728,2,202,을지로입구,2025-07,3075529
1729,2,203,을지로3가(2),2025-07,1548973
1730,2,204,을지로4가(2),2025-07,884155
1731,2,205,동대문역사문화공원(2),2025-07,1059974
1732,2,206,신당(2),2025-07,928314
1733,2,207,상왕십리,2025-07,867176
1734,2,208,왕십리(2),2025-07,921251
1735,2,209,한양대,2025-07,546037
1736,2,210,뚝섬,2025-07,1545514
1737,2,211,성수,2025-07,3195934
1738,2,212,건대입구(2),2025-07,2236791
1739,2,213,구의,2025-07,1635715
1740,2,214,강변,2025-07,1613790
1741,2,215,잠실나루,2025-07,856012
1742,2,216,잠실(2),2025-07,4929368
1743,2,217,잠실새내,2025-07,1460065
1744,2,218,종합운동장(2),2025-07,1098606
1745,2,219,삼성,2025-07,3470155
1746,2,220,선릉,2025-07,3261062
1747,2,221,역삼,2025-07,3187733
1748,2,222,강남,2025-07,5019963
1749,2,223,교대(2),2025-07,1994950
1750,2,224,서초,2025-07,1293691
1751,2,225,방배,2025-07,924771
1752,2,226,사당(2),2025-07,2675082
1753,2,227,낙성대,2025-07,1670131
1754,2,228,서울대입구,2025-07,2777656
1755,2,229,봉천,2025-07,1476331
1756,2,230,신림,2025-07,3343402
1757,2,231,신대방,2025-07,1490098
1758,2,232,구로디지털단지,2025-07,3405174
1759,2,233,대림(2),2025-07,1468885
1760,2,234,신도림,2025-07,2937382
1761,2,235,문래,2025-07,1427398
1762,2,236,영등포구청(2),2025-07,1379720
1763,2,237,당산,2025-07,1167669
1764,2,238,합정(2),2025-07,2099350
1765,2,239,홍대입구,2025-07,4792874
1766,2,240,신촌,2025-07,2266339
1767,2,241,이대,2025-07,964388
1768,2,242,아현,2025-07,631741
1769,2,243,충정로(2),2025-07,615405
1770,2,244,용답,2025-07,179916
1771,2,245,신답,2025-07,104884
1772,2,246,신설동(2),2025-07,235184
1773,2,247,도림천,2025-07,83877
1774,2,248,양천구청,2025-07,414431
1775,2,249,신정네거리,2025-07,624886
1776,2,250,용두,2025-07,155735
1777,3,309,지축,2025-07,462512
1778,3,310,구파발,2025-07,1338512
1779,3,311,연신내(3),2025-07,2157023
1780,3,312,불광(3),2025-07,1045821
1781,3,313,녹번,2025-07,862155
1782,3,314,홍제,2025-07,1034787
1783,3,315,무악재,2025-07,252198
1784,3,316,독립문,2025-07,462315
1785,3,317,경복궁,2025-07,1499338
1786,3,318,안국,2025-07,1616569
1787,3,319,종로3가(3),2025-07,728200
1788,3,320,을지로3가(3),2025-07,743789
1789,3,322,동대입구,2025-07,585653
1790,3,323,약수(3),2025-07,750462
1791,3,324,금호,2025-07,468628
1792,3,325,옥수,2025-07,550750
1793,3,326,압구정,2025-07,1953397
1794,3,327,신사,2025-07,1670942
1795,3,328,잠원,2025-07,354105
1796,3,329,고속터미널(3),2025-07,3058822
1797,3,330,교대(3),2025-07,777714
1798,3,331,남부터미널,2025-07,1836088
1799,3,332,양재,2025-07,2263483
1800,3,333,매봉,2025-07,749029
1801,3,334,도곡,2025-07,361564
1802,3,335,대치,2025-07,774018
1803,3,336,학여울,2025-07,143415
1804,3,337,대청,2025-07,632122
1805,3,338,일원,2025-07,648783
1806,3,339,수서,2025-07,1142699
1807,3,340,가락시장(3),2025-07,529299
1808,3,341,경찰병원,2025-07,450238
1809,3,342,오금(3),2025-07,369992
1810,4,409,불암산,2025-07,572658
1811,4,410,상계,2025-07,1138553
1812,4,411,노원(4),2025-07,1329771
1813,4,412,창동,2025-07,1678425
1814,4,413,쌍문,2025-07,1691950
1815,4,414,수유,2025-07,2049508
1816,4,415,미아,2025-07,920309
1817,4,416,미아사거리,2025-07,1564829
1818,4,417,길음,2025-07,1236494
1819,4,418,성신여대입구,2025-07,1271795
1820,4,419,한성대입구,2025-07,804755
1821,4,420,혜화,2025-07,2173735
1822,4,421,동대문(4),2025-07,1181848
1823,4,422,동대문역사문화공원(4),2025-07,1158337
1824,4,423,충무로(4),2025-07,1819982
1825,4,424,명동,2025-07,2225386
1826,4,425,회현,2025-07,1684851
1827,4,426,서울역(4),2025-07,1091779
1828,4,427,숙대입구,2025-07,880222
1829,4,428,삼각지(4),2025-07,453511
1830,4,429,신용산,2025-07,1382878
1831,4,430,이촌,2025-07,769758
1832,4,431,동작,2025-07,137167
1833,4,432,이수(총신대입구),2025-07,1221936
1834,4,433,사당(4),2025-07,1489332
1835,4,434,남태령,2025-07,82826
1836,5,2511,방화,2025-07,427638
1837,5,2512,개화산,2025-07,365756
1838,5,2513,김포공항(5),2025-07,675802
1839,5,2514,송정,2025-07,377883
1840,5,2515,마곡,2025-07,849160
1841,5,2516,발산,2025-07,1420326
1842,5,2517,우장산,2025-07,896216
1843,5,2518,화곡,2025-07,1646203
1844,5,2519,까치산(5),2025-07,1628677
1845,5,2520,신정,2025-07,744185
1846,5,2521,목동,2025-07,1033209
1847,5,2522,오목교,2025-07,1325394
1848,5,2523,양평(5),2025-07,490730
1849,5,2524,영등포구청(5),2025-07,309033
1850,5,2525,영등포시장,2025-07,729591
1851,5,2526,신길(5),2025-07,316650
1852,5,2527,여의도(5),2025-07,1796931
1853,5,2528,여의나루,2025-07,811396
1854,5,2529,마포,2025-07,882525
1855,5,2530,공덕(5),2025-07,875979
1856,5,2531,애오개,2025-07,383339
1857,5,2532,충정로(5),2025-07,294683
1858,5,2533,서대문,2025-07,1176285
1859,5,2534,광화문,2025-07,2051730
1860,5,2535,종로3가(5),2025-07,926298
1861,5,2536,을지로4가(5),2025-07,391852
1862,5,2537,동대문역사문화공원(5),2025-07,209469
1863,5,2538,청구(5),2025-07,207431
1864,5,2539,신금호,2025-07,385079
1865,5,2540,행당,2025-07,455269
1866,5,2541,왕십리(5),2025-07,296839
1867,5,2542,마장,2025-07,334369
1868,5,2543,답십리,2025-07,941798
1869,5,2544,장한평,2025-07,1187278
1870,5,2545,군자(5),2025-07,745899
1871,5,2546,아차산,2025-07,845649
1872,5,2547,광나루,2025-07,651958
1873,5,2548,천호(5),2025-07,1231068
1874,5,2549,강동,2025-07,1118829
1875,5,2550,길동,2025-07,548723
1876,5,2551,굽은다리,2025-07,599879
1877,5,2552,명일,2025-07,493961
1878,5,2553,고덕,2025-07,620833
1879,5,2554,상일동,2025-07,863317
1880,5,2555,둔촌동,2025-07,763496
1881,5,2556,올림픽공원(5),2025-07,317765
1882,5,2557,방이,2025-07,462147
1883,5,2558,오금(5),2025-07,226717
1884,5,2559,개롱,2025-07,409461
1885,5,2560,거여,2025-07,593866
1886,5,2561,마천,2025-07,406435
1887,5,2562,강일,2025-07,349376
1888,5,2563,미사,2025-07,1087839
1889,5,2564,하남풍산,2025-07,277874
1890,5,2565,하남시청,2025-07,496215
1891,5,2566,하남검단산,2025-07,395215
1892,6,2611,응암,2025-07,1062807
1893,6,2612,역촌,2025-07,263452
1894,6,2613,불광(6),2025-07,296736
1895,6,2614,독바위,2025-07,176956
1896,6,2616,구산,2025-07,447949
1897,6,2617,새절,2025-07,725457
1898,6,2618,증산,2025-07,557963
1899,6,2619,디지털미디어시티(6),2025-07,906900
1900,6,2620,월드컵경기장,2025-07,367476
1901,6,2621,마포구청,2025-07,855441
1902,6,2622,망원,2025-07,998161
1903,6,2623,합정(6),2025-07,846988
1904,6,2624,상수,2025-07,653985
1905,6,2625,광흥창,2025-07,576689
1906,6,2626,대흥,2025-07,564374
1907,6,2627,공덕(6),2025-07,1119974
1908,6,2628,효창공원앞,2025-07,419702
1909,6,2629,삼각지(6),2025-07,454343
1910,6,2630,녹사평,2025-07,319660
1911,6,2631,이태원,2025-07,751875
1912,6,2632,한강진,2025-07,632870
1913,6,2633,버티고개,2025-07,134600
1914,6,2634,약수(6),2025-07,228178
1915,6,2635,청구(6),2025-07,225437
1916,6,2636,신당(6),2025-07,537705
1917,6,2637,동묘앞(6),2025-07,540352
1918,6,2638,창신,2025-07,191386
1919,6,2639,보문,2025-07,470721
1920,6,2640,안암,2025-07,681182
1921,6,2641,고려대,2025-07,489878
1922,6,2642,월곡,2025-07,675367
1923,6,2643,상월곡,2025-07,369529
1924,6,2644,돌곶이,2025-07,659652
1925,6,2645,석계(6),2025-07,742169
1926,6,2646,태릉입구(6),2025-07,364502
1927,6,2647,화랑대,2025-07,590035
1928,6,2648,봉화산,2025-07,507720
1929,7,2711,장암,2025-07,126921
1930,7,2712,도봉산(7),2025-07,564290
1931,7,2713,수락산,2025-07,767839
1932,7,2714,마들,2025-07,788189
1933,7,2715,노원(7),2025-07,1280599
1934,7,2716,중계,2025-07,841279
1935,7,2717,하계,2025-07,1036013
1936,7,2718,공릉,2025-07,714267
1937,7,2719,태릉입구(7),2025-07,485952
1938,7,2720,먹골,2025-07,616988
1939,7,2721,중화,2025-07,632197
1940,7,2722,상봉(7),2025-07,1021619
1941,7,2723,면목,2025-07,850099
1942,7,2724,사가정,2025-07,949997
1943,7,2725,용마산,2025-07,340986
1944,7,2726,중곡,2025-07,638076
1945,7,2727,군자(7),2025-07,829981
1946,7,2728,어린이대공원,2025-07,820552
1947,7,2729,건대입구(7),2025-07,856930
1948,7,2730,자양,2025-07,544333
1949,7,2731,청담,2025-07,1123677
1950,7,2732,강남구청,2025-07,1011025
1951,7,2733,학동,2025-07,1354233
1952,7,2734,논현,2025-07,1139093
1953,7,2735,반포,2025-07,401875
1954,7,2736,고속터미널(7),2025-07,995607
1955,7,2737,내방,2025-07,867613
1956,7,2738,이수(7),2025-07,1024771
1957,7,2739,남성,2025-07,654811
1958,7,2740,숭실대입구,2025-07,714660
1959,7,2741,상도,2025-07,681855
1960,7,2742,장승배기,2025-07,570675
1961,7,2743,신대방삼거리,2025-07,884366
1962,7,2744,보라매,2025-07,410096
1963,7,2745,신풍,2025-07,696203
1964,7,2746,대림(7),2025-07,555962
1965,7,2747,남구로,2025-07,911147
1966,7,2748,가산디지털단지(7),2025-07,2532219
1967,7,2749,철산,2025-07,1302274
1968,7,2750,광명사거리,2025-07,1270895
1969,7,2751,천왕,2025-07,688851
1970,7,2752,온수(7),2025-07,547496
1971,8,2810,암사역사공원,2025-07,373814
1972,8,2811,암사,2025-07,944501
1973,8,2812,천호(8),2025-07,1140049
1974,8,2813,강동구청,2025-07,641640
1975,8,2814,몽촌토성,2025-07,446859
1976,8,2815,잠실(8),2025-07,1317534
1977,8,2816,석촌(8),2025-07,564969
1978,8,2817,송파,2025-07,589444
1979,8,2818,가락시장(8),2025-07,521437
1980,8,2819,문정,2025-07,1360461
1981,8,2820,장지,2025-07,1008561
1982,8,2821,복정(8),2025-07,523189
1983,8,2822,산성,2025-07,373471
1984,8,2823,남한산성입구,2025-07,699984
1985,8,2824,단대오거리,2025-07,692747
1986,8,2825,신흥,2025-07,332965
1987,8,2826,수진,2025-07,332540
1988,8,2827,모란(8),2025-07,285605
1989,8,2828,남위례,2025-07,440167
1990,9,4126,언주,2025-07,422517
1991,9,4127,선정릉,2025-07,365194
1992,9,4128,삼성중앙,2025-07,296076
1993,9,4129,봉은사,2025-07,868938
1994,9,4130,종합운동장(9),2025-07,210946
1995,9,4131,삼전,2025-07,320042
1996,9,4132,석촌고분,2025-07,280103
1997,9,4133,석촌(9),2025-07,365796
1998,9,4134,송파나루,2025-07,244892
1999,9,4135,한성백제,2025-07,133358
2000,9,4136,올림픽공원(9),2025-07,344985
2001,9,4137,둔촌오륜,2025-07,175042
2002,9,4138,중앙보훈병원,2025-07,470835
2003,1,150,서울역(1),2025-08,4205076
2004,1,151,시청(1),2025-08,1498431
2005,1,152,종각,2025-08,2166279
2006,1,153,종로3가(1),2025-08,1378268
2007,1,154,종로5가,2025-08,1364131
2008,1,155,동대문(1),2025-08,708853
2009,1,156,신설동(1),2025-08,797529
2010,1,157,제기동,2025-08,938412
2011,1,158,청량리,2025-08,1356675
2012,1,159,동묘앞(1),2025-08,615191
2013,2,201,시청(2),2025-08,1405803
2014,2,202,을지로입구,2025-08,2875265
2015,2,203,을지로3가(2),2025-08,1440195
2016,2,204,을지로4가(2),2025-08,812248
2017,2,205,동대문역사문화공원(2),2025-08,1008595
2018,2,206,신당(2),2025-08,873097
2019,2,207,상왕십리,2025-08,804359
2020,2,208,왕십리(2),2025-08,870974
2021,2,209,한양대,2025-08,472136
2022,2,210,뚝섬,2025-08,1450063
2023,2,211,성수,2025-08,3079958
2024,2,212,건대입구(2),2025-08,2191894
2025,2,213,구의,2025-08,1534415
2026,2,214,강변,2025-08,1593391
2027,2,215,잠실나루,2025-08,786619
2028,2,216,잠실(2),2025-08,4670696
2029,2,217,잠실새내,2025-08,1372376
2030,2,218,종합운동장(2),2025-08,1106684
2031,2,219,삼성,2025-08,3104190
2032,2,220,선릉,2025-08,2948672
2033,2,221,역삼,2025-08,2854417
2034,2,222,강남,2025-08,4660460
2035,2,223,교대(2),2025-08,1793439
2036,2,224,서초,2025-08,1200979
2037,2,225,방배,2025-08,847627
2038,2,226,사당(2),2025-08,2518695
2039,2,227,낙성대,2025-08,1564919
2040,2,228,서울대입구,2025-08,2604272
2041,2,229,봉천,2025-08,1379693
2042,2,230,신림,2025-08,3178696
2043,2,231,신대방,2025-08,1403536
2044,2,232,구로디지털단지,2025-08,3154766
2045,2,233,대림(2),2025-08,1391391
2046,2,234,신도림,2025-08,2752605
2047,2,235,문래,2025-08,1307298
2048,2,236,영등포구청(2),2025-08,1272005
2049,2,237,당산,2025-08,1083721
2050,2,238,합정(2),2025-08,2007823
2051,2,239,홍대입구,2025-08,4694905
2052,2,240,신촌,2025-08,2144722
2053,2,241,이대,2025-08,904802
2054,2,242,아현,2025-08,586136
2055,2,243,충정로(2),2025-08,560493
2056,2,244,용답,2025-08,170460
2057,2,245,신답,2025-08,98005
2058,2,246,신설동(2),2025-08,228855
2059,2,247,도림천,2025-08,78779
2060,2,248,양천구청,2025-08,380960
2061,2,249,신정네거리,2025-08,576166
2062,2,250,용두,2025-08,146022
2063,3,309,지축,2025-08,427036
2064,3,310,구파발,2025-08,1260434
2065,3,311,연신내(3),2025-08,2056539
2066,3,312,불광(3),2025-08,985587
2067,3,313,녹번,2025-08,795029
2068,3,314,홍제,2025-08,981750
2069,3,315,무악재,2025-08,236502
2070,3,316,독립문,2025-08,487558
2071,3,317,경복궁,2025-08,1389125
2072,3,318,안국,2025-08,1499532
2073,3,319,종로3가(3),2025-08,664810
2074,3,320,을지로3가(3),2025-08,692816
2075,3,322,동대입구,2025-08,580039
2076,3,323,약수(3),2025-08,709622
2077,3,324,금호,2025-08,439365
2078,3,325,옥수,2025-08,522677
2079,3,326,압구정,2025-08,1771729
2080,3,327,신사,2025-08,1543784
2081,3,328,잠원,2025-08,366380
2082,3,329,고속터미널(3),2025-08,3080023
2083,3,330,교대(3),2025-08,708344
2084,3,331,남부터미널,2025-08,1728333
2085,3,332,양재,2025-08,2052142
2086,3,333,매봉,2025-08,677574
2087,3,334,도곡,2025-08,324986
2088,3,335,대치,2025-08,745243
2089,3,336,학여울,2025-08,167432
2090,3,337,대청,2025-08,583866
2091,3,338,일원,2025-08,596221
2092,3,339,수서,2025-08,1080915
2093,3,340,가락시장(3),2025-08,493836
2094,3,341,경찰병원,2025-08,414294
2095,3,342,오금(3),2025-08,339965
2096,4,409,불암산,2025-08,540526
2097,4,410,상계,2025-08,1065489
2098,4,411,노원(4),2025-08,1254053
2099,4,412,창동,2025-08,1582262
2100,4,413,쌍문,2025-08,1582687
2101,4,414,수유,2025-08,1932813
2102,4,415,미아,2025-08,865581
2103,4,416,미아사거리,2025-08,1468646
2104,4,417,길음,2025-08,1151068
2105,4,418,성신여대입구,2025-08,1215021
2106,4,419,한성대입구,2025-08,753005
2107,4,420,혜화,2025-08,2128996
2108,4,421,동대문(4),2025-08,1053358
2109,4,422,동대문역사문화공원(4),2025-08,1119604
2110,4,423,충무로(4),2025-08,1710028
2111,4,424,명동,2025-08,2282600
2112,4,425,회현,2025-08,1564077
2113,4,426,서울역(4),2025-08,1050893
2114,4,427,숙대입구,2025-08,829928
2115,4,428,삼각지(4),2025-08,443382
2116,4,429,신용산,2025-08,1333566
2117,4,430,이촌,2025-08,833665
2118,4,431,동작,2025-08,131161
2119,4,432,이수(총신대입구),2025-08,1155937
2120,4,433,사당(4),2025-08,1417516
2121,4,434,남태령,2025-08,77864
2122,5,2511,방화,2025-08,399056
2123,5,2512,개화산,2025-08,344557
2124,5,2513,김포공항(5),2025-08,643941
2125,5,2514,송정,2025-08,353433
2126,5,2515,마곡,2025-08,807274
2127,5,2516,발산,2025-08,1307988
2128,5,2517,우장산,2025-08,839855
2129,5,2518,화곡,2025-08,1536138
2130,5,2519,까치산(5),2025-08,1527149
2131,5,2520,신정,2025-08,690500
2132,5,2521,목동,2025-08,962702
2133,5,2522,오목교,2025-08,1236078
2134,5,2523,양평(5),2025-08,447819
2135,5,2524,영등포구청(5),2025-08,282323
2136,5,2525,영등포시장,2025-08,684974
2137,5,2526,신길(5),2025-08,288287
2138,5,2527,여의도(5),2025-08,1602489
2139,5,2528,여의나루,2025-08,819686
2140,5,2529,마포,2025-08,805157
2141,5,2530,공덕(5),2025-08,795419
2142,5,2531,애오개,2025-08,355061
2143,5,2532,충정로(5),2025-08,263233
2144,5,2533,서대문,2025-08,1031776
2145,5,2534,광화문,2025-08,1887052
2146,5,2535,종로3가(5),2025-08,889355
2147,5,2536,을지로4가(5),2025-08,354376
2148,5,2537,동대문역사문화공원(5),2025-08,190846
2149,5,2538,청구(5),2025-08,189091
2150,5,2539,신금호,2025-08,358091
2151,5,2540,행당,2025-08,423681
2152,5,2541,왕십리(5),2025-08,286707
2153,5,2542,마장,2025-08,315318
2154,5,2543,답십리,2025-08,876370
2155,5,2544,장한평,2025-08,1099859
2156,5,2545,군자(5),2025-08,701880
2157,5,2546,아차산,2025-08,815971
2158,5,2547,광나루,2025-08,616976
2159,5,2548,천호(5),2025-08,1174862
2160,5,2549,강동,2025-08,1055120
2161,5,2550,길동,2025-08,521085
2162,5,2551,굽은다리,2025-08,568822
2163,5,2552,명일,2025-08,463970
2164,5,2553,고덕,2025-08,573112
2165,5,2554,상일동,2025-08,794309
2166,5,2555,둔촌동,2025-08,724626
2167,5,2556,올림픽공원(5),2025-08,308531
2168,5,2557,방이,2025-08,431953
2169,5,2558,오금(5),2025-08,206758
2170,5,2559,개롱,2025-08,377909
2171,5,2560,거여,2025-08,548229
2172,5,2561,마천,2025-08,378016
2173,5,2562,강일,2025-08,324581
2174,5,2563,미사,2025-08,1024909
2175,5,2564,하남풍산,2025-08,259576
2176,5,2565,하남시청,2025-08,469701
2177,5,2566,하남검단산,2025-08,380091
2178,6,2611,응암,2025-08,994153
2179,6,2612,역촌,2025-08,248800
2180,6,2613,불광(6),2025-08,283547
2181,6,2614,독바위,2025-08,163198
2182,6,2616,구산,2025-08,418064
2183,6,2617,새절,2025-08,675661
2184,6,2618,증산,2025-08,521217
2185,6,2619,디지털미디어시티(6),2025-08,834545
2186,6,2620,월드컵경기장,2025-08,374593
2187,6,2621,마포구청,2025-08,795751
2188,6,2622,망원,2025-08,990687
2189,6,2623,합정(6),2025-08,807104
2190,6,2624,상수,2025-08,641639
2191,6,2625,광흥창,2025-08,537397
2192,6,2626,대흥,2025-08,526127
2193,6,2627,공덕(6),2025-08,1033149
2194,6,2628,효창공원앞,2025-08,387927
2195,6,2629,삼각지(6),2025-08,446548
2196,6,2630,녹사평,2025-08,313025
2197,6,2631,이태원,2025-08,788214
2198,6,2632,한강진,2025-08,646157
2199,6,2633,버티고개,2025-08,127095
2200,6,2634,약수(6),2025-08,211950
2201,6,2635,청구(6),2025-08,207841
2202,6,2636,신당(6),2025-08,482338
2203,6,2637,동묘앞(6),2025-08,519092
2204,6,2638,창신,2025-08,175394
2205,6,2639,보문,2025-08,438739
2206,6,2640,안암,2025-08,606079
2207,6,2641,고려대,2025-08,450874
2208,6,2642,월곡,2025-08,626888
2209,6,2643,상월곡,2025-08,340730
2210,6,2644,돌곶이,2025-08,638741
2211,6,2645,석계(6),2025-08,698811
2212,6,2646,태릉입구(6),2025-08,346537
2213,6,2647,화랑대,2025-08,557417
2214,6,2648,봉화산,2025-08,472072
2215,7,2711,장암,2025-08,120329
2216,7,2712,도봉산(7),2025-08,540140
2217,7,2713,수락산,2025-08,736031
2218,7,2714,마들,2025-08,737703
2219,7,2715,노원(7),2025-08,1201221
2220,7,2716,중계,2025-08,777285
2221,7,2717,하계,2025-08,961168
2222,7,2718,공릉,2025-08,673852
2223,7,2719,태릉입구(7),2025-08,463801
2224,7,2720,먹골,2025-08,580790
2225,7,2721,중화,2025-08,599307
2226,7,2722,상봉(7),2025-08,979086
2227,7,2723,면목,2025-08,803691
2228,7,2724,사가정,2025-08,898112
2229,7,2725,용마산,2025-08,321272
2230,7,2726,중곡,2025-08,595332
2231,7,2727,군자(7),2025-08,782838
2232,7,2728,어린이대공원,2025-08,774387
2233,7,2729,건대입구(7),2025-08,808008
2234,7,2730,자양,2025-08,586514
2235,7,2731,청담,2025-08,1025870
2236,7,2732,강남구청,2025-08,928712
2237,7,2733,학동,2025-08,1219351
2238,7,2734,논현,2025-08,1053282
2239,7,2735,반포,2025-08,379821
2240,7,2736,고속터미널(7),2025-08,980572
2241,7,2737,내방,2025-08,797377
2242,7,2738,이수(7),2025-08,962808
2243,7,2739,남성,2025-08,620350
2244,7,2740,숭실대입구,2025-08,680560
2245,7,2741,상도,2025-08,641828
2246,7,2742,장승배기,2025-08,538441
2247,7,2743,신대방삼거리,2025-08,836521
2248,7,2744,보라매,2025-08,379126
2249,7,2745,신풍,2025-08,656053
2250,7,2746,대림(7),2025-08,544963
2251,7,2747,남구로,2025-08,839124
2252,7,2748,가산디지털단지(7),2025-08,2212133
2253,7,2749,철산,2025-08,1238963
2254,7,2750,광명사거리,2025-08,1206110
2255,7,2751,천왕,2025-08,635258
2256,7,2752,온수(7),2025-08,511611
2257,8,2810,암사역사공원,2025-08,348210
2258,8,2811,암사,2025-08,886136
2259,8,2812,천호(8),2025-08,1077143
2260,8,2813,강동구청,2025-08,588292
2261,8,2814,몽촌토성,2025-08,419508
2262,8,2815,잠실(8),2025-08,1232884
2263,8,2816,석촌(8),2025-08,538330
2264,8,2817,송파,2025-08,548590
2265,8,2818,가락시장(8),2025-08,488327
2266,8,2819,문정,2025-08,1215294
2267,8,2820,장지,2025-08,931503
2268,8,2821,복정(8),2025-08,492590
2269,8,2822,산성,2025-08,351895
2270,8,2823,남한산성입구,2025-08,654899
2271,8,2824,단대오거리,2025-08,645391
2272,8,2825,신흥,2025-08,313872
2273,8,2826,수진,2025-08,312558
2274,8,2827,모란(8),2025-08,273437
2275,8,2828,남위례,2025-08,405164
2276,9,4126,언주,2025-08,385318
2277,9,4127,선정릉,2025-08,329778
2278,9,4128,삼성중앙,2025-08,267203
2279,9,4129,봉은사,2025-08,793371
2280,9,4130,종합운동장(9),2025-08,186784
2281,9,4131,삼전,2025-08,302701
2282,9,4132,석촌고분,2025-08,262818
2283,9,4133,석촌(9),2025-08,347186
2284,9,4134,송파나루,2025-08,233159
2285,9,4135,한성백제,2025-08,127546
2286,9,4136,올림픽공원(9),2025-08,337162
2287,9,4137,둔촌오륜,2025-08,161896
2288,9,4138,중앙보훈병원,2025-08,433479
2289,1,150,서울역(1),2025-09,4363876
2290,1,151,시청(1),2025-09,1662795
2291,1,152,종각,2025-09,2315968
2292,1,153,종로3가(1),2025-09,1494589
2293,1,154,종로5가,2025-09,1453950
2294,1,155,동대문(1),2025-09,745190
2295,1,156,신설동(1),2025-09,865059
2296,1,157,제기동,2025-09,1040602
2297,1,158,청량리,2025-09,1464577
2298,1,159,동묘앞(1),2025-09,625740
2299,2,201,시청(2),2025-09,1566677
2300,2,202,을지로입구,2025-09,3050769
2301,2,203,을지로3가(2),2025-09,1530175
2302,2,204,을지로4가(2),2025-09,883423
2303,2,205,동대문역사문화공원(2),2025-09,1065225
2304,2,206,신당(2),2025-09,921698
2305,2,207,상왕십리,2025-09,865131
2306,2,208,왕십리(2),2025-09,956677
2307,2,209,한양대,2025-09,906702
2308,2,210,뚝섬,2025-09,1551050
2309,2,211,성수,2025-09,3297437
2310,2,212,건대입구(2),2025-09,2349193
2311,2,213,구의,2025-09,1634446
2312,2,214,강변,2025-09,1625165
2313,2,215,잠실나루,2025-09,877917
2314,2,216,잠실(2),2025-09,4613640
2315,2,217,잠실새내,2025-09,1442884
2316,2,218,종합운동장(2),2025-09,968625
2317,2,219,삼성,2025-09,3208827
2318,2,220,선릉,2025-09,3168458
2319,2,221,역삼,2025-09,3111897
2320,2,222,강남,2025-09,4753923
2321,2,223,교대(2),2025-09,1992923
2322,2,224,서초,2025-09,1329685
2323,2,225,방배,2025-09,1099169
2324,2,226,사당(2),2025-09,2702406
2325,2,227,낙성대,2025-09,1691075
2326,2,228,서울대입구,2025-09,2814443
2327,2,229,봉천,2025-09,1441147
2328,2,230,신림,2025-09,3304883
2329,2,231,신대방,2025-09,1496543
2330,2,232,구로디지털단지,2025-09,3357143
2331,2,233,대림(2),2025-09,1487622
2332,2,234,신도림,2025-09,2933762
2333,2,235,문래,2025-09,1411113
2334,2,236,영등포구청(2),2025-09,1389872
2335,2,237,당산,2025-09,1226108
2336,2,238,합정(2),2025-09,2049375
2337,2,239,홍대입구,2025-09,4511708
2338,2,240,신촌,2025-09,2466969
2339,2,241,이대,2025-09,1158996
2340,2,242,아현,2025-09,658437
2341,2,243,충정로(2),2025-09,635007
2342,2,244,용답,2025-09,197181
2343,2,245,신답,2025-09,109392
2344,2,246,신설동(2),2025-09,237313
2345,2,247,도림천,2025-09,87618
2346,2,248,양천구청,2025-09,423076
2347,2,249,신정네거리,2025-09,625758
2348,2,250,용두,2025-09,159743
2349,3,309,지축,2025-09,467504
2350,3,310,구파발,2025-09,1324763
2351,3,311,연신내(3),2025-09,2179367
2352,3,312,불광(3),2025-09,1056451
2353,3,313,녹번,2025-09,880400
2354,3,314,홍제,2025-09,1082106
2355,3,315,무악재,2025-09,255174
2356,3,316,독립문,2025-09,503382
2357,3,317,경복궁,2025-09,1612166
2358,3,318,안국,2025-09,1692623
2359,3,319,종로3가(3),2025-09,741504
2360,3,320,을지로3가(3),2025-09,738743
2361,3,322,동대입구,2025-09,804680
2362,3,323,약수(3),2025-09,773147
2363,3,324,금호,2025-09,476360
2364,3,325,옥수,2025-09,576429
2365,3,326,압구정,2025-09,1898454
2366,3,327,신사,2025-09,1670899
2367,3,328,잠원,2025-09,415026
2368,3,329,고속터미널(3),2025-09,2977629
2369,3,330,교대(3),2025-09,799462
2370,3,331,남부터미널,2025-09,1840440
2371,3,332,양재,2025-09,2293057
2372,3,333,매봉,2025-09,741496
2373,3,334,도곡,2025-09,365371
2374,3,335,대치,2025-09,777113
2375,3,336,학여울,2025-09,142189
2376,3,337,대청,2025-09,645834
2377,3,338,일원,2025-09,662562
2378,3,339,수서,2025-09,1149157
2379,3,340,가락시장(3),2025-09,535654
2380,3,341,경찰병원,2025-09,448337
2381,3,342,오금(3),2025-09,370971
2382,4,409,불암산,2025-09,570701
2383,4,410,상계,2025-09,1154872
2384,4,411,노원(4),2025-09,1340316
2385,4,412,창동,2025-09,1712067
2386,4,413,쌍문,2025-09,1703638
2387,4,414,수유,2025-09,2081397
2388,4,415,미아,2025-09,969961
2389,4,416,미아사거리,2025-09,1572664
2390,4,417,길음,2025-09,1330851
2391,4,418,성신여대입구,2025-09,1406175
2392,4,419,한성대입구,2025-09,927056
2393,4,420,혜화,2025-09,2223245
2394,4,421,동대문(4),2025-09,1151415
2395,4,422,동대문역사문화공원(4),2025-09,1164290
2396,4,423,충무로(4),2025-09,1968961
2397,4,424,명동,2025-09,2360560
2398,4,425,회현,2025-09,1706235
2399,4,426,서울역(4),2025-09,1092326
2400,4,427,숙대입구,2025-09,970461
2401,4,428,삼각지(4),2025-09,447202
2402,4,429,신용산,2025-09,1354970
2403,4,430,이촌,2025-09,667892
2404,4,431,동작,2025-09,163132
2405,4,432,이수(총신대입구),2025-09,1235520
2406,4,433,사당(4),2025-09,1531852
2407,4,434,남태령,2025-09,81314
2408,5,2511,방화,2025-09,423264
2409,5,2512,개화산,2025-09,367923
2410,5,2513,김포공항(5),2025-09,623430
2411,5,2514,송정,2025-09,372590
2412,5,2515,마곡,2025-09,901462
2413,5,2516,발산,2025-09,1406043
2414,5,2517,우장산,2025-09,914532
2415,5,2518,화곡,2025-09,1656875
2416,5,2519,까치산(5),2025-09,1632821
2417,5,2520,신정,2025-09,748890
2418,5,2521,목동,2025-09,1044665
2419,5,2522,오목교,2025-09,1326597
2420,5,2523,양평(5),2025-09,490627
2421,5,2524,영등포구청(5),2025-09,307364
2422,5,2525,영등포시장,2025-09,733980
2423,5,2526,신길(5),2025-09,317021
2424,5,2527,여의도(5),2025-09,1773166
2425,5,2528,여의나루,2025-09,963739
2426,5,2529,마포,2025-09,908204
2427,5,2530,공덕(5),2025-09,882255
2428,5,2531,애오개,2025-09,394911
2429,5,2532,충정로(5),2025-09,296970
2430,5,2533,서대문,2025-09,1144871
2431,5,2534,광화문,2025-09,2058030
2432,5,2535,종로3가(5),2025-09,954917
2433,5,2536,을지로4가(5),2025-09,400913
2434,5,2537,동대문역사문화공원(5),2025-09,207758
2435,5,2538,청구(5),2025-09,203993
2436,5,2539,신금호,2025-09,394671
2437,5,2540,행당,2025-09,461648
2438,5,2541,왕십리(5),2025-09,301589
2439,5,2542,마장,2025-09,361593
2440,5,2543,답십리,2025-09,951801
2441,5,2544,장한평,2025-09,1187772
2442,5,2545,군자(5),2025-09,772032
2443,5,2546,아차산,2025-09,900127
2444,5,2547,광나루,2025-09,697785
2445,5,2548,천호(5),2025-09,1209431
2446,5,2549,강동,2025-09,1126366
2447,5,2550,길동,2025-09,542635
2448,5,2551,굽은다리,2025-09,587298
2449,5,2552,명일,2025-09,503797
2450,5,2553,고덕,2025-09,624129
2451,5,2554,상일동,2025-09,870327
2452,5,2555,둔촌동,2025-09,795645
2453,5,2556,올림픽공원(5),2025-09,309530
2454,5,2557,방이,2025-09,463975
2455,5,2558,오금(5),2025-09,228524
2456,5,2559,개롱,2025-09,410499
2457,5,2560,거여,2025-09,608481
2458,5,2561,마천,2025-09,417983
2459,5,2562,강일,2025-09,356269
2460,5,2563,미사,2025-09,1091576
2461,5,2564,하남풍산,2025-09,282277
2462,5,2565,하남시청,2025-09,508384
2463,5,2566,하남검단산,2025-09,392499
2464,6,2611,응암,2025-09,1090315
2465,6,2612,역촌,2025-09,261294
2466,6,2613,불광(6),2025-09,288030
2467,6,2614,독바위,2025-09,172283
2468,6,2616,구산,2025-09,447117
2469,6,2617,새절,2025-09,749991
2470,6,2618,증산,2025-09,567484
2471,6,2619,디지털미디어시티(6),2025-09,935686
2472,6,2620,월드컵경기장,2025-09,460703
2473,6,2621,마포구청,2025-09,875488
2474,6,2622,망원,2025-09,1018408
2475,6,2623,합정(6),2025-09,835902
2476,6,2624,상수,2025-09,713600
2477,6,2625,광흥창,2025-09,584913
2478,6,2626,대흥,2025-09,642423
2479,6,2627,공덕(6),2025-09,1132341
2480,6,2628,효창공원앞,2025-09,464248
2481,6,2629,삼각지(6),2025-09,485969
2482,6,2630,녹사평,2025-09,343442
2483,6,2631,이태원,2025-09,799674
2484,6,2632,한강진,2025-09,705311
2485,6,2633,버티고개,2025-09,138864
2486,6,2634,약수(6),2025-09,230626
2487,6,2635,청구(6),2025-09,226268
2488,6,2636,신당(6),2025-09,524755
2489,6,2637,동묘앞(6),2025-09,558468
2490,6,2638,창신,2025-09,210156
2491,6,2639,보문,2025-09,495113
2492,6,2640,안암,2025-09,923141
2493,6,2641,고려대,2025-09,571659
2494,6,2642,월곡,2025-09,742060
2495,6,2643,상월곡,2025-09,409239
2496,6,2644,돌곶이,2025-09,697318
2497,6,2645,석계(6),2025-09,782343
2498,6,2646,태릉입구(6),2025-09,387787
2499,6,2647,화랑대,2025-09,672442
2500,6,2648,봉화산,2025-09,515677
2501,7,2711,장암,2025-09,126990
2502,7,2712,도봉산(7),2025-09,613266
2503,7,2713,수락산,2025-09,766858
2504,7,2714,마들,2025-09,789515
2505,7,2715,노원(7),2025-09,1251977
2506,7,2716,중계,2025-09,873449
2507,7,2717,하계,2025-09,1069380
2508,7,2718,공릉,2025-09,765258
2509,7,2719,태릉입구(7),2025-09,531251
2510,7,2720,먹골,2025-09,616622
2511,7,2721,중화,2025-09,656130
2512,7,2722,상봉(7),2025-09,1042857
2513,7,2723,면목,2025-09,910489
2514,7,2724,사가정,2025-09,976946
2515,7,2725,용마산,2025-09,357500
2516,7,2726,중곡,2025-09,647526
2517,7,2727,군자(7),2025-09,829001
2518,7,2728,어린이대공원,2025-09,1131962
2519,7,2729,건대입구(7),2025-09,902710
2520,7,2730,자양,2025-09,741384
2521,7,2731,청담,2025-09,1137962
2522,7,2732,강남구청,2025-09,1025480
2523,7,2733,학동,2025-09,1350010
2524,7,2734,논현,2025-09,1142620
2525,7,2735,반포,2025-09,420193
2526,7,2736,고속터미널(7),2025-09,994543
2527,7,2737,내방,2025-09,883367
2528,7,2738,이수(7),2025-09,1018220
2529,7,2739,남성,2025-09,680971
2530,7,2740,숭실대입구,2025-09,934754
2531,7,2741,상도,2025-09,779904
2532,7,2742,장승배기,2025-09,583543
2533,7,2743,신대방삼거리,2025-09,900710
2534,7,2744,보라매,2025-09,419621
2535,7,2745,신풍,2025-09,715672
2536,7,2746,대림(7),2025-09,549811
2537,7,2747,남구로,2025-09,905683
2538,7,2748,가산디지털단지(7),2025-09,2442548
2539,7,2749,철산,2025-09,1366416
2540,7,2750,광명사거리,2025-09,1293412
2541,7,2751,천왕,2025-09,702246
2542,7,2752,온수(7),2025-09,602009
2543,8,2810,암사역사공원,2025-09,387760
2544,8,2811,암사,2025-09,936777
2545,8,2812,천호(8),2025-09,1120271
2546,8,2813,강동구청,2025-09,638220
2547,8,2814,몽촌토성,2025-09,453386
2548,8,2815,잠실(8),2025-09,1217506
2549,8,2816,석촌(8),2025-09,551127
2550,8,2817,송파,2025-09,583586
2551,8,2818,가락시장(8),2025-09,546702
2552,8,2819,문정,2025-09,1337945
2553,8,2820,장지,2025-09,983389
2554,8,2821,복정(8),2025-09,559687
2555,8,2822,산성,2025-09,379654
2556,8,2823,남한산성입구,2025-09,783686
2557,8,2824,단대오거리,2025-09,715313
2558,8,2825,신흥,2025-09,319985
2559,8,2826,수진,2025-09,328458
2560,8,2827,모란(8),2025-09,286598
2561,8,2828,남위례,2025-09,451567
2562,9,4126,언주,2025-09,412218
2563,9,4127,선정릉,2025-09,359316
2564,9,4128,삼성중앙,2025-09,292272
2565,9,4129,봉은사,2025-09,796918
2566,9,4130,종합운동장(9),2025-09,195266
2567,9,4131,삼전,2025-09,317710
2568,9,4132,석촌고분,2025-09,275639
2569,9,4133,석촌(9),2025-09,361688
2570,9,4134,송파나루,2025-09,235636
2571,9,4135,한성백제,2025-09,134723
2572,9,4136,올림픽공원(9),2025-09,323750
2573,9,4137,둔촌오륜,2025-09,175411
2574,9,4138,중앙보훈병원,2025-09,466952
2575,1,150,서울역(1),2025-10,4272057
2576,1,151,시청(1),2025-10,1565677
2577,1,152,종각,2025-10,2111787
2578,1,153,종로3가(1),2025-10,1482085
2579,1,154,종로5가,2025-10,1380984
2580,1,155,동대문(1),2025-10,791749
2581,1,156,신설동(1),2025-10,798720
2582,1,157,제기동,2025-10,984877
2583,1,158,청량리,2025-10,1384466
2584,1,159,동묘앞(1),2025-10,666609
2585,2,201,시청(2),2025-10,1406028
2586,2,202,을지로입구,2025-10,2857611
2587,2,203,을지로3가(2),2025-10,1394915
2588,2,204,을지로4가(2),2025-10,806243
2589,2,205,동대문역사문화공원(2),2025-10,1023167
2590,2,206,신당(2),2025-10,871021
2591,2,207,상왕십리,2025-10,793861
2592,2,208,왕십리(2),2025-10,872393
2593,2,209,한양대,2025-10,724019
2594,2,210,뚝섬,2025-10,1430285
2595,2,211,성수,2025-10,3137825
2596,2,212,건대입구(2),2025-10,2254751
2597,2,213,구의,2025-10,1511330
2598,2,214,강변,2025-10,1589726
2599,2,215,잠실나루,2025-10,800956
2600,2,216,잠실(2),2025-10,4641130
2601,2,217,잠실새내,2025-10,1321857
2602,2,218,종합운동장(2),2025-10,742958
2603,2,219,삼성,2025-10,2800074
2604,2,220,선릉,2025-10,2717658
2605,2,221,역삼,2025-10,2626177
2606,2,222,강남,2025-10,4267354
2607,2,223,교대(2),2025-10,1726758
2608,2,224,서초,2025-10,1151894
2609,2,225,방배,2025-10,958607
2610,2,226,사당(2),2025-10,2474132
2611,2,227,낙성대,2025-10,1542136
2612,2,228,서울대입구,2025-10,2553537
2613,2,229,봉천,2025-10,1321278
2614,2,230,신림,2025-10,3104016
2615,2,231,신대방,2025-10,1401457
2616,2,232,구로디지털단지,2025-10,3052782
2617,2,233,대림(2),2025-10,1421037
2618,2,234,신도림,2025-10,2682004
2619,2,235,문래,2025-10,1257432
2620,2,236,영등포구청(2),2025-10,1233976
2621,2,237,당산,2025-10,1097461
2622,2,238,합정(2),2025-10,1929568
2623,2,239,홍대입구,2025-10,4655721
2624,2,240,신촌,2025-10,2249526
2625,2,241,이대,2025-10,1038676
2626,2,242,아현,2025-10,618302
2627,2,243,충정로(2),2025-10,564540
2628,2,244,용답,2025-10,182637
2629,2,245,신답,2025-10,101579
2630,2,246,신설동(2),2025-10,222929
2631,2,247,도림천,2025-10,76082
2632,2,248,양천구청,2025-10,392705
2633,2,249,신정네거리,2025-10,583921
2634,2,250,용두,2025-10,163415
2635,3,309,지축,2025-10,431755
2636,3,310,구파발,2025-10,1264044
2637,3,311,연신내(3),2025-10,2105606
2638,3,312,불광(3),2025-10,997596
2639,3,313,녹번,2025-10,814615
2640,3,314,홍제,2025-10,1026325
2641,3,315,무악재,2025-10,239468
2642,3,316,독립문,2025-10,495886
2643,3,317,경복궁,2025-10,1663582
2644,3,318,안국,2025-10,1704530
2645,3,319,종로3가(3),2025-10,716888
2646,3,320,을지로3가(3),2025-10,690100
2647,3,322,동대입구,2025-10,726928
2648,3,323,약수(3),2025-10,711629
2649,3,324,금호,2025-10,444913
2650,3,325,옥수,2025-10,533772
2651,3,326,압구정,2025-10,1738969
2652,3,327,신사,2025-10,1481161
2653,3,328,잠원,2025-10,384728
2654,3,329,고속터미널(3),2025-10,3030273
2655,3,330,교대(3),2025-10,695470
2656,3,331,남부터미널,2025-10,1754725
2657,3,332,양재,2025-10,2007524
2658,3,333,매봉,2025-10,657212
2659,3,334,도곡,2025-10,323308
2660,3,335,대치,2025-10,715310
2661,3,336,학여울,2025-10,128716
2662,3,337,대청,2025-10,577576
2663,3,338,일원,2025-10,588638
2664,3,339,수서,2025-10,1075388
2665,3,340,가락시장(3),2025-10,494627
2666,3,341,경찰병원,2025-10,395462
2667,3,342,오금(3),2025-10,335324
2668,4,409,불암산,2025-10,539238
2669,4,410,상계,2025-10,1077884
2670,4,411,노원(4),2025-10,1277244
2671,4,412,창동,2025-10,1595784
2672,4,413,쌍문,2025-10,1589291
2673,4,414,수유,2025-10,1971689
2674,4,415,미아,2025-10,903414
2675,4,416,미아사거리,2025-10,1483121
2676,4,417,길음,2025-10,1225345
2677,4,418,성신여대입구,2025-10,1299534
2678,4,419,한성대입구,2025-10,869860
2679,4,420,혜화,2025-10,2212285
2680,4,421,동대문(4),2025-10,1101926
2681,4,422,동대문역사문화공원(4),2025-10,1129147
2682,4,423,충무로(4),2025-10,1781019
2683,4,424,명동,2025-10,2391050
2684,4,425,회현,2025-10,1631550
2685,4,426,서울역(4),2025-10,1016649
2686,4,427,숙대입구,2025-10,871507
2687,4,428,삼각지(4),2025-10,425287
2688,4,429,신용산,2025-10,1256616
2689,4,430,이촌,2025-10,688732
2690,4,431,동작,2025-10,148342
2691,4,432,이수(총신대입구),2025-10,1159624
2692,4,433,사당(4),2025-10,1415668
2693,4,434,남태령,2025-10,74355
2694,5,2511,방화,2025-10,403229
2695,5,2512,개화산,2025-10,342832
2696,5,2513,김포공항(5),2025-10,635908
2697,5,2514,송정,2025-10,359129
2698,5,2515,마곡,2025-10,827250
2699,5,2516,발산,2025-10,1302126
2700,5,2517,우장산,2025-10,845347
2701,5,2518,화곡,2025-10,1547353
2702,5,2519,까치산(5),2025-10,1537696
2703,5,2520,신정,2025-10,694825
2704,5,2521,목동,2025-10,959225
2705,5,2522,오목교,2025-10,1203324
2706,5,2523,양평(5),2025-10,435013
2707,5,2524,영등포구청(5),2025-10,276207
2708,5,2525,영등포시장,2025-10,675363
2709,5,2526,신길(5),2025-10,284268
2710,5,2527,여의도(5),2025-10,1499257
2711,5,2528,여의나루,2025-10,870121
2712,5,2529,마포,2025-10,779625
2713,5,2530,공덕(5),2025-10,774113
2714,5,2531,애오개,2025-10,359272
2715,5,2532,충정로(5),2025-10,259612
2716,5,2533,서대문,2025-10,995219
2717,5,2534,광화문,2025-10,1912383
2718,5,2535,종로3가(5),2025-10,983151
2719,5,2536,을지로4가(5),2025-10,370667
2720,5,2537,동대문역사문화공원(5),2025-10,181768
2721,5,2538,청구(5),2025-10,186862
2722,5,2539,신금호,2025-10,362195
2723,5,2540,행당,2025-10,421549
2724,5,2541,왕십리(5),2025-10,281732
2725,5,2542,마장,2025-10,330059
2726,5,2543,답십리,2025-10,867397
2727,5,2544,장한평,2025-10,1090231
2728,5,2545,군자(5),2025-10,717200
2729,5,2546,아차산,2025-10,891489
2730,5,2547,광나루,2025-10,644936
2731,5,2548,천호(5),2025-10,1155487
2732,5,2549,강동,2025-10,1020548
2733,5,2550,길동,2025-10,511830
2734,5,2551,굽은다리,2025-10,547809
2735,5,2552,명일,2025-10,465777
2736,5,2553,고덕,2025-10,567571
2737,5,2554,상일동,2025-10,792800
2738,5,2555,둔촌동,2025-10,735712
2739,5,2556,올림픽공원(5),2025-10,326753
2740,5,2557,방이,2025-10,423020
2741,5,2558,오금(5),2025-10,201108
2742,5,2559,개롱,2025-10,369793
2743,5,2560,거여,2025-10,553226
2744,5,2561,마천,2025-10,382462
2745,5,2562,강일,2025-10,332807
2746,5,2563,미사,2025-10,1041123
2747,5,2564,하남풍산,2025-10,260436
2748,5,2565,하남시청,2025-10,489189
2749,5,2566,하남검단산,2025-10,389718
2750,6,2611,응암,2025-10,1026478
2751,6,2612,역촌,2025-10,240736
2752,6,2613,불광(6),2025-10,269421
2753,6,2614,독바위,2025-10,159390
2754,6,2616,구산,2025-10,411773
2755,6,2617,새절,2025-10,695763
2756,6,2618,증산,2025-10,532668
2757,6,2619,디지털미디어시티(6),2025-10,834711
2758,6,2620,월드컵경기장,2025-10,552178
2759,6,2621,마포구청,2025-10,811164
2760,6,2622,망원,2025-10,999751
2761,6,2623,합정(6),2025-10,791610
2762,6,2624,상수,2025-10,672718
2763,6,2625,광흥창,2025-10,521902
2764,6,2626,대흥,2025-10,561901
2765,6,2627,공덕(6),2025-10,1013421
2766,6,2628,효창공원앞,2025-10,429775
2767,6,2629,삼각지(6),2025-10,443374
2768,6,2630,녹사평,2025-10,352899
2769,6,2631,이태원,2025-10,836344
2770,6,2632,한강진,2025-10,641181
2771,6,2633,버티고개,2025-10,128056
2772,6,2634,약수(6),2025-10,209324
2773,6,2635,청구(6),2025-10,208968
2774,6,2636,신당(6),2025-10,466627
2775,6,2637,동묘앞(6),2025-10,554098
2776,6,2638,창신,2025-10,188913
2777,6,2639,보문,2025-10,454457
2778,6,2640,안암,2025-10,750858
2779,6,2641,고려대,2025-10,511373
2780,6,2642,월곡,2025-10,670288
2781,6,2643,상월곡,2025-10,368937
2782,6,2644,돌곶이,2025-10,641086
2783,6,2645,석계(6),2025-10,716485
2784,6,2646,태릉입구(6),2025-10,356851
2785,6,2647,화랑대,2025-10,599613
2786,6,2648,봉화산,2025-10,468775
2787,7,2711,장암,2025-10,118792
2788,7,2712,도봉산(7),2025-10,577575
2789,7,2713,수락산,2025-10,722315
2790,7,2714,마들,2025-10,734196
2791,7,2715,노원(7),2025-10,1168890
2792,7,2716,중계,2025-10,795586
2793,7,2717,하계,2025-10,983468
2794,7,2718,공릉,2025-10,700757
2795,7,2719,태릉입구(7),2025-10,488828
2796,7,2720,먹골,2025-10,576789
2797,7,2721,중화,2025-10,616652
2798,7,2722,상봉(7),2025-10,990731
2799,7,2723,면목,2025-10,836626
2800,7,2724,사가정,2025-10,911610
2801,7,2725,용마산,2025-10,334442
2802,7,2726,중곡,2025-10,599181
2803,7,2727,군자(7),2025-10,775717
2804,7,2728,어린이대공원,2025-10,996063
2805,7,2729,건대입구(7),2025-10,816521
2806,7,2730,자양,2025-10,660219
2807,7,2731,청담,2025-10,986932
2808,7,2732,강남구청,2025-10,899520
2809,7,2733,학동,2025-10,1158740
2810,7,2734,논현,2025-10,1016457
2811,7,2735,반포,2025-10,383090
2812,7,2736,고속터미널(7),2025-10,973053
2813,7,2737,내방,2025-10,782719
2814,7,2738,이수(7),2025-10,931399
2815,7,2739,남성,2025-10,621286
2816,7,2740,숭실대입구,2025-10,806651
2817,7,2741,상도,2025-10,685122
2818,7,2742,장승배기,2025-10,529844
2819,7,2743,신대방삼거리,2025-10,827994
2820,7,2744,보라매,2025-10,379170
2821,7,2745,신풍,2025-10,659494
2822,7,2746,대림(7),2025-10,565815
2823,7,2747,남구로,2025-10,825487
2824,7,2748,가산디지털단지(7),2025-10,2123953
2825,7,2749,철산,2025-10,1266294
2826,7,2750,광명사거리,2025-10,1233737
2827,7,2751,천왕,2025-10,648256
2828,7,2752,온수(7),2025-10,537686
2829,8,2810,암사역사공원,2025-10,369916
2830,8,2811,암사,2025-10,878594
2831,8,2812,천호(8),2025-10,1064202
2832,8,2813,강동구청,2025-10,581112
2833,8,2814,몽촌토성,2025-10,425110
2834,8,2815,잠실(8),2025-10,1227833
2835,8,2816,석촌(8),2025-10,531851
2836,8,2817,송파,2025-10,535881
2837,8,2818,가락시장(8),2025-10,498767
2838,8,2819,문정,2025-10,1150187
2839,8,2820,장지,2025-10,919246
2840,8,2821,복정(8),2025-10,502723
2841,8,2822,산성,2025-10,356183
2842,8,2823,남한산성입구,2025-10,712838
2843,8,2824,단대오거리,2025-10,660002
2844,8,2825,신흥,2025-10,306273
2845,8,2826,수진,2025-10,304179
2846,8,2827,모란(8),2025-10,283857
2847,8,2828,남위례,2025-10,418355
2848,9,4126,언주,2025-10,357263
2849,9,4127,선정릉,2025-10,313393
2850,9,4128,삼성중앙,2025-10,250832
2851,9,4129,봉은사,2025-10,741518
2852,9,4130,종합운동장(9),2025-10,178573
2853,9,4131,삼전,2025-10,291058
2854,9,4132,석촌고분,2025-10,253835
2855,9,4133,석촌(9),2025-10,336557
2856,9,4134,송파나루,2025-10,218239
2857,9,4135,한성백제,2025-10,126535
2858,9,4136,올림픽공원(9),2025-10,344956
2859,9,4137,둔촌오륜,2025-10,155724
2860,9,4138,중앙보훈병원,2025-10,411017
2861,1,150,서울역(1),2025-11,4589398
2862,1,151,시청(1),2025-11,1725675
2863,1,152,종각,2025-11,2306570
2864,1,153,종로3가(1),2025-11,1541646
2865,1,154,종로5가,2025-11,1440243
2866,1,155,동대문(1),2025-11,785177
2867,1,156,신설동(1),2025-11,854071
2868,1,157,제기동,2025-11,1020882
2869,1,158,청량리,2025-11,1449961
2870,1,159,동묘앞(1),2025-11,700038
2871,2,201,시청(2),2025-11,1568069
2872,2,202,을지로입구,2025-11,3103670
2873,2,203,을지로3가(2),2025-11,1506251
2874,2,204,을지로4가(2),2025-11,879657
2875,2,205,동대문역사문화공원(2),2025-11,1071498
2876,2,206,신당(2),2025-11,931491
2877,2,207,상왕십리,2025-11,850019
2878,2,208,왕십리(2),2025-11,960412
2879,2,209,한양대,2025-11,845919
2880,2,210,뚝섬,2025-11,1547152
2881,2,211,성수,2025-11,3490128
2882,2,212,건대입구(2),2025-11,2424122
2883,2,213,구의,2025-11,1639520
2884,2,214,강변,2025-11,1655891
2885,2,215,잠실나루,2025-11,869004
2886,2,216,잠실(2),2025-11,4898274
2887,2,217,잠실새내,2025-11,1412065
2888,2,218,종합운동장(2),2025-11,718878
2889,2,219,삼성,2025-11,3270353
2890,2,220,선릉,2025-11,3021069
2891,2,221,역삼,2025-11,2928023
2892,2,222,강남,2025-11,4665397
2893,2,223,교대(2),2025-11,1921366
2894,2,224,서초,2025-11,1310406
2895,2,225,방배,2025-11,1060265
2896,2,226,사당(2),2025-11,2712992
2897,2,227,낙성대,2025-11,1657740
2898,2,228,서울대입구,2025-11,2759881
2899,2,229,봉천,2025-11,1414011
2900,2,230,신림,2025-11,3289658
2901,2,231,신대방,2025-11,1467369
2902,2,232,구로디지털단지,2025-11,3294228
2903,2,233,대림(2),2025-11,1489689
2904,2,234,신도림,2025-11,2923484
2905,2,235,문래,2025-11,1378718
2906,2,236,영등포구청(2),2025-11,1362818
2907,2,237,당산,2025-11,1188498
2908,2,238,합정(2),2025-11,2057957
2909,2,239,홍대입구,2025-11,4744835
2910,2,240,신촌,2025-11,2412390
2911,2,241,이대,2025-11,1173518
2912,2,242,아현,2025-11,659487
2913,2,243,충정로(2),2025-11,623999
2914,2,244,용답,2025-11,194085
2915,2,245,신답,2025-11,110564
2916,2,246,신설동(2),2025-11,248791
2917,2,247,도림천,2025-11,85083
2918,2,248,양천구청,2025-11,419300
2919,2,249,신정네거리,2025-11,614842
2920,2,250,용두,2025-11,164263
2921,3,309,지축,2025-11,454984
2922,3,310,구파발,2025-11,1321903
2923,3,311,연신내(3),2025-11,2199437
2924,3,312,불광(3),2025-11,1041928
2925,3,313,녹번,2025-11,874240
2926,3,314,홍제,2025-11,1088422
2927,3,315,무악재,2025-11,253890
2928,3,316,독립문,2025-11,516374
2929,3,317,경복궁,2025-11,1863556
2930,3,318,안국,2025-11,1794554
2931,3,319,종로3가(3),2025-11,737989
2932,3,320,을지로3가(3),2025-11,748099
2933,3,322,동대입구,2025-11,853628
2934,3,323,약수(3),2025-11,767808
2935,3,324,금호,2025-11,474955
2936,3,325,옥수,2025-11,564497
2937,3,326,압구정,2025-11,1896500
2938,3,327,신사,2025-11,1619888
2939,3,328,잠원,2025-11,421234
2940,3,329,고속터미널(3),2025-11,3137422
2941,3,330,교대(3),2025-11,782021
2942,3,331,남부터미널,2025-11,1884803
2943,3,332,양재,2025-11,2263525
2944,3,333,매봉,2025-11,716102
2945,3,334,도곡,2025-11,362783
2946,3,335,대치,2025-11,735048
2947,3,336,학여울,2025-11,167210
2948,3,337,대청,2025-11,630366
2949,3,338,일원,2025-11,652396
2950,3,339,수서,2025-11,1149448
2951,3,340,가락시장(3),2025-11,546340
2952,3,341,경찰병원,2025-11,428785
2953,3,342,오금(3),2025-11,365354
2954,4,409,불암산,2025-11,558219
2955,4,410,상계,2025-11,1131213
2956,4,411,노원(4),2025-11,1324046
2957,4,412,창동,2025-11,1674004
2958,4,413,쌍문,2025-11,1669353
2959,4,414,수유,2025-11,2062007
2960,4,415,미아,2025-11,952803
2961,4,416,미아사거리,2025-11,1550112
2962,4,417,길음,2025-11,1314481
2963,4,418,성신여대입구,2025-11,1395389
2964,4,419,한성대입구,2025-11,929540
2965,4,420,혜화,2025-11,2432024
2966,4,421,동대문(4),2025-11,1156594
2967,4,422,동대문역사문화공원(4),2025-11,1183350
2968,4,423,충무로(4),2025-11,1974373
2969,4,424,명동,2025-11,2508665
2970,4,425,회현,2025-11,1795409
2971,4,426,서울역(4),2025-11,1128761
2972,4,427,숙대입구,2025-11,969812
2973,4,428,삼각지(4),2025-11,471305
2974,4,429,신용산,2025-11,1352901
2975,4,430,이촌,2025-11,680423
2976,4,431,동작,2025-11,147905
2977,4,432,이수(총신대입구),2025-11,1231783
2978,4,433,사당(4),2025-11,1548973
2979,4,434,남태령,2025-11,81405
2980,5,2511,방화,2025-11,412501
2981,5,2512,개화산,2025-11,360212
2982,5,2513,김포공항(5),2025-11,660072
2983,5,2514,송정,2025-11,373018
2984,5,2515,마곡,2025-11,880630
2985,5,2516,발산,2025-11,1424242
2986,5,2517,우장산,2025-11,887665
2987,5,2518,화곡,2025-11,1638128
2988,5,2519,까치산(5),2025-11,1611296
2989,5,2520,신정,2025-11,735603
2990,5,2521,목동,2025-11,1016270
2991,5,2522,오목교,2025-11,1291380
2992,5,2523,양평(5),2025-11,472781
2993,5,2524,영등포구청(5),2025-11,300582
2994,5,2525,영등포시장,2025-11,734445
2995,5,2526,신길(5),2025-11,303872
2996,5,2527,여의도(5),2025-11,1681463
2997,5,2528,여의나루,2025-11,836976
2998,5,2529,마포,2025-11,859345
2999,5,2530,공덕(5),2025-11,859054
3000,5,2531,애오개,2025-11,391275
3001,5,2532,충정로(5),2025-11,285660
3002,5,2533,서대문,2025-11,1104411
3003,5,2534,광화문,2025-11,2077373
3004,5,2535,종로3가(5),2025-11,969478
3005,5,2536,을지로4가(5),2025-11,393245
3006,5,2537,동대문역사문화공원(5),2025-11,193800
3007,5,2538,청구(5),2025-11,199415
3008,5,2539,신금호,2025-11,385868
3009,5,2540,행당,2025-11,450530
3010,5,2541,왕십리(5),2025-11,300339
3011,5,2542,마장,2025-11,346955
3012,5,2543,답십리,2025-11,931516
3013,5,2544,장한평,2025-11,1167663
3014,5,2545,군자(5),2025-11,782534
3015,5,2546,아차산,2025-11,941171
3016,5,2547,광나루,2025-11,705436
3017,5,2548,천호(5),2025-11,1220491
3018,5,2549,강동,2025-11,1108127
3019,5,2550,길동,2025-11,536203
3020,5,2551,굽은다리,2025-11,575455
3021,5,2552,명일,2025-11,494641
3022,5,2553,고덕,2025-11,613765
3023,5,2554,상일동,2025-11,848711
3024,5,2555,둔촌동,2025-11,795154
3025,5,2556,올림픽공원(5),2025-11,340543
3026,5,2557,방이,2025-11,467833
3027,5,2558,오금(5),2025-11,218804
3028,5,2559,개롱,2025-11,393835
3029,5,2560,거여,2025-11,592298
3030,5,2561,마천,2025-11,409363
3031,5,2562,강일,2025-11,354087
3032,5,2563,미사,2025-11,1092319
3033,5,2564,하남풍산,2025-11,276010
3034,5,2565,하남시청,2025-11,512217
3035,5,2566,하남검단산,2025-11,400153
3036,6,2611,응암,2025-11,1068841
3037,6,2612,역촌,2025-11,251862
3038,6,2613,불광(6),2025-11,278737
3039,6,2614,독바위,2025-11,163539
3040,6,2616,구산,2025-11,431836
3041,6,2617,새절,2025-11,733580
3042,6,2618,증산,2025-11,556974
3043,6,2619,디지털미디어시티(6),2025-11,892260
3044,6,2620,월드컵경기장,2025-11,434534
3045,6,2621,마포구청,2025-11,856667
3046,6,2622,망원,2025-11,1034482
3047,6,2623,합정(6),2025-11,825329
3048,6,2624,상수,2025-11,700765
3049,6,2625,광흥창,2025-11,561115
3050,6,2626,대흥,2025-11,619148
3051,6,2627,공덕(6),2025-11,1100260
3052,6,2628,효창공원앞,2025-11,463101
3053,6,2629,삼각지(6),2025-11,488328
3054,6,2630,녹사평,2025-11,356410
3055,6,2631,이태원,2025-11,820846
3056,6,2632,한강진,2025-11,673955
3057,6,2633,버티고개,2025-11,136655
3058,6,2634,약수(6),2025-11,224326
3059,6,2635,청구(6),2025-11,223196
3060,6,2636,신당(6),2025-11,502003
3061,6,2637,동묘앞(6),2025-11,585045
3062,6,2638,창신,2025-11,202789
3063,6,2639,보문,2025-11,492109
3064,6,2640,안암,2025-11,869998
3065,6,2641,고려대,2025-11,568140
3066,6,2642,월곡,2025-11,718491
3067,6,2643,상월곡,2025-11,391660
3068,6,2644,돌곶이,2025-11,693682
3069,6,2645,석계(6),2025-11,768633
3070,6,2646,태릉입구(6),2025-11,381639
3071,6,2647,화랑대,2025-11,658580
3072,6,2648,봉화산,2025-11,496035
3073,7,2711,장암,2025-11,124488
3074,7,2712,도봉산(7),2025-11,623710
3075,7,2713,수락산,2025-11,756834
3076,7,2714,마들,2025-11,772229
3077,7,2715,노원(7),2025-11,1233409
3078,7,2716,중계,2025-11,854761
3079,7,2717,하계,2025-11,1070925
3080,7,2718,공릉,2025-11,764686
3081,7,2719,태릉입구(7),2025-11,521334
3082,7,2720,먹골,2025-11,605030
3083,7,2721,중화,2025-11,650919
3084,7,2722,상봉(7),2025-11,1067932
3085,7,2723,면목,2025-11,875113
3086,7,2724,사가정,2025-11,963916
3087,7,2725,용마산,2025-11,346792
3088,7,2726,중곡,2025-11,643783
3089,7,2727,군자(7),2025-11,822285
3090,7,2728,어린이대공원,2025-11,1085381
3091,7,2729,건대입구(7),2025-11,887952
3092,7,2730,자양,2025-11,542127
3093,7,2731,청담,2025-11,1102374
3094,7,2732,강남구청,2025-11,990303
3095,7,2733,학동,2025-11,1304190
3096,7,2734,논현,2025-11,1106728
3097,7,2735,반포,2025-11,408023
3098,7,2736,고속터미널(7),2025-11,1030541
3099,7,2737,내방,2025-11,853782
3100,7,2738,이수(7),2025-11,999719
3101,7,2739,남성,2025-11,663677
3102,7,2740,숭실대입구,2025-11,884317
3103,7,2741,상도,2025-11,758854
3104,7,2742,장승배기,2025-11,565089
3105,7,2743,신대방삼거리,2025-11,881693
3106,7,2744,보라매,2025-11,410623
3107,7,2745,신풍,2025-11,707015
3108,7,2746,대림(7),2025-11,558945
3109,7,2747,남구로,2025-11,872323
3110,7,2748,가산디지털단지(7),2025-11,2331995
3111,7,2749,철산,2025-11,1335804
3112,7,2750,광명사거리,2025-11,1291856
3113,7,2751,천왕,2025-11,689260
3114,7,2752,온수(7),2025-11,571903
3115,8,2810,암사역사공원,2025-11,380112
3116,8,2811,암사,2025-11,915301
3117,8,2812,천호(8),2025-11,1129025
3118,8,2813,강동구청,2025-11,628361
3119,8,2814,몽촌토성,2025-11,471039
3120,8,2815,잠실(8),2025-11,1284594
3121,8,2816,석촌(8),2025-11,576574
3122,8,2817,송파,2025-11,575243
3123,8,2818,가락시장(8),2025-11,545788
3124,8,2819,문정,2025-11,1280664
3125,8,2820,장지,2025-11,988787
3126,8,2821,복정(8),2025-11,549796
3127,8,2822,산성,2025-11,381058
3128,8,2823,남한산성입구,2025-11,763806
3129,8,2824,단대오거리,2025-11,700491
3130,8,2825,신흥,2025-11,317314
3131,8,2826,수진,2025-11,320938
3132,8,2827,모란(8),2025-11,284992
3133,8,2828,남위례,2025-11,454939
3134,9,4126,언주,2025-11,399202
3135,9,4127,선정릉,2025-11,349446
3136,9,4128,삼성중앙,2025-11,275887
3137,9,4129,봉은사,2025-11,832636
3138,9,4130,종합운동장(9),2025-11,208127
3139,9,4131,삼전,2025-11,314986
3140,9,4132,석촌고분,2025-11,276830
3141,9,4133,석촌(9),2025-11,368753
3142,9,4134,송파나루,2025-11,236904
3143,9,4135,한성백제,2025-11,147249
3144,9,4136,올림픽공원(9),2025-11,362271
3145,9,4137,둔촌오륜,2025-11,170404
3146,9,4138,중앙보훈병원,2025-11,445964
3147,1,150,서울역(1),2025-12,4739981
3148,1,151,시청(1),2025-12,1767346
3149,1,152,종각,2025-12,2645440
3150,1,153,종로3가(1),2025-12,1627451
3151,1,154,종로5가,2025-12,1496916
3152,1,155,동대문(1),2025-12,801023
3153,1,156,신설동(1),2025-12,875714
3154,1,157,제기동,2025-12,1010766
3155,1,158,청량리,2025-12,1493689
3156,1,159,동묘앞(1),2025-12,634508
3157,2,201,시청(2),2025-12,1625296
3158,2,202,을지로입구,2025-12,3460490
3159,2,203,을지로3가(2),2025-12,1631205
3160,2,204,을지로4가(2),2025-12,927711
3161,2,205,동대문역사문화공원(2),2025-12,1133065
3162,2,206,신당(2),2025-12,993441
3163,2,207,상왕십리,2025-12,897165
3164,2,208,왕십리(2),2025-12,1016003
3165,2,209,한양대,2025-12,750994
3166,2,210,뚝섬,2025-12,1605421
3167,2,211,성수,2025-12,3786077
3168,2,212,건대입구(2),2025-12,2573455
3169,2,213,구의,2025-12,1757401
3170,2,214,강변,2025-12,1694978
3171,2,215,잠실나루,2025-12,888920
3172,2,216,잠실(2),2025-12,5621580
3173,2,217,잠실새내,2025-12,1517738
3174,2,218,종합운동장(2),2025-12,655687
3175,2,219,삼성,2025-12,3722711
3176,2,220,선릉,2025-12,3212348
3177,2,221,역삼,2025-12,3127282
3178,2,222,강남,2025-12,5046297
3179,2,223,교대(2),2025-12,2057788
3180,2,224,서초,2025-12,1364470
3181,2,225,방배,2025-12,1062038
3182,2,226,사당(2),2025-12,2937018
3183,2,227,낙성대,2025-12,1697633
3184,2,228,서울대입구,2025-12,2839738
3185,2,229,봉천,2025-12,1471056
3186,2,230,신림,2025-12,3455416
3187,2,231,신대방,2025-12,1508318
3188,2,232,구로디지털단지,2025-12,3473195
3189,2,233,대림(2),2025-12,1538137
3190,2,234,신도림,2025-12,3031919
3191,2,235,문래,2025-12,1445013
3192,2,236,영등포구청(2),2025-12,1448901
3193,2,237,당산,2025-12,1214808
3194,2,238,합정(2),2025-12,2178601
3195,2,239,홍대입구,2025-12,5078326
3196,2,240,신촌,2025-12,2455191
3197,2,241,이대,2025-12,1107454
3198,2,242,아현,2025-12,680225
3199,2,243,충정로(2),2025-12,650166
3200,2,244,용답,2025-12,191281
3201,2,245,신답,2025-12,113522
3202,2,246,신설동(2),2025-12,249715
3203,2,247,도림천,2025-12,85137
3204,2,248,양천구청,2025-12,434209
3205,2,249,신정네거리,2025-12,645909
3206,2,250,용두,2025-12,153524
3207,3,309,지축,2025-12,467383
3208,3,310,구파발,2025-12,1366698
3209,3,311,연신내(3),2025-12,2296123
3210,3,312,불광(3),2025-12,1070313
3211,3,313,녹번,2025-12,904475
3212,3,314,홍제,2025-12,1110875
3213,3,315,무악재,2025-12,259880
3214,3,316,독립문,2025-12,508281
3215,3,317,경복궁,2025-12,1639260
3216,3,318,안국,2025-12,1650966
3217,3,319,종로3가(3),2025-12,755683
3218,3,320,을지로3가(3),2025-12,829190
3219,3,322,동대입구,2025-12,739154
3220,3,323,약수(3),2025-12,800019
3221,3,324,금호,2025-12,491746
3222,3,325,옥수,2025-12,577723
3223,3,326,압구정,2025-12,2063916
3224,3,327,신사,2025-12,1771925
3225,3,328,잠원,2025-12,439032
3226,3,329,고속터미널(3),2025-12,3383836
3227,3,330,교대(3),2025-12,824771
3228,3,331,남부터미널,2025-12,1958876
3229,3,332,양재,2025-12,2378710
3230,3,333,매봉,2025-12,770007
3231,3,334,도곡,2025-12,386017
3232,3,335,대치,2025-12,725267
3233,3,336,학여울,2025-12,180397
3234,3,337,대청,2025-12,651428
3235,3,338,일원,2025-12,688297
3236,3,339,수서,2025-12,1191517
3237,3,340,가락시장(3),2025-12,588323
3238,3,341,경찰병원,2025-12,454851
3239,3,342,오금(3),2025-12,376416
3240,4,409,불암산,2025-12,573768
3241,4,410,상계,2025-12,1175044
3242,4,411,노원(4),2025-12,1411650
3243,4,412,창동,2025-12,1753678
3244,4,413,쌍문,2025-12,1745182
3245,4,414,수유,2025-12,2157292
3246,4,415,미아,2025-12,977175
3247,4,416,미아사거리,2025-12,1634104
3248,4,417,길음,2025-12,1329252
3249,4,418,성신여대입구,2025-12,1443089
3250,4,419,한성대입구,2025-12,904956
3251,4,420,혜화,2025-12,2519343
3252,4,421,동대문(4),2025-12,1186873
3253,4,422,동대문역사문화공원(4),2025-12,1239900
3254,4,423,충무로(4),2025-12,1956940
3255,4,424,명동,2025-12,2675122
3256,4,425,회현,2025-12,1887719
3257,4,426,서울역(4),2025-12,1144580
3258,4,427,숙대입구,2025-12,969999
3259,4,428,삼각지(4),2025-12,516586
3260,4,429,신용산,2025-12,1497268
3261,4,430,이촌,2025-12,766659
3262,4,431,동작,2025-12,133055
3263,4,432,이수(총신대입구),2025-12,1285618
3264,4,433,사당(4),2025-12,1629648
3265,4,434,남태령,2025-12,83236
3266,5,2511,방화,2025-12,430336
3267,5,2512,개화산,2025-12,376193
3268,5,2513,김포공항(5),2025-12,736969
3269,5,2514,송정,2025-12,392102
3270,5,2515,마곡,2025-12,976836
3271,5,2516,발산,2025-12,1525500
3272,5,2517,우장산,2025-12,930197
3273,5,2518,화곡,2025-12,1725354
3274,5,2519,까치산(5),2025-12,1681976
3275,5,2520,신정,2025-12,769978
3276,5,2521,목동,2025-12,1056904
3277,5,2522,오목교,2025-12,1372107
3278,5,2523,양평(5),2025-12,502714
3279,5,2524,영등포구청(5),2025-12,314305
3280,5,2525,영등포시장,2025-12,774867
3281,5,2526,신길(5),2025-12,317419
3282,5,2527,여의도(5),2025-12,1826075
3283,5,2528,여의나루,2025-12,751900
3284,5,2529,마포,2025-12,934709
3285,5,2530,공덕(5),2025-12,913322
3286,5,2531,애오개,2025-12,410855
3287,5,2532,충정로(5),2025-12,304582
3288,5,2533,서대문,2025-12,1161897
3289,5,2534,광화문,2025-12,2467808
3290,5,2535,종로3가(5),2025-12,988125
3291,5,2536,을지로4가(5),2025-12,414563
3292,5,2537,동대문역사문화공원(5),2025-12,214023
3293,5,2538,청구(5),2025-12,207454
3294,5,2539,신금호,2025-12,403205
3295,5,2540,행당,2025-12,471979
3296,5,2541,왕십리(5),2025-12,327401
3297,5,2542,마장,2025-12,376847
3298,5,2543,답십리,2025-12,976710
3299,5,2544,장한평,2025-12,1238853
3300,5,2545,군자(5),2025-12,819901
3301,5,2546,아차산,2025-12,918922
3302,5,2547,광나루,2025-12,689721
3303,5,2548,천호(5),2025-12,1297563
3304,5,2549,강동,2025-12,1167350
3305,5,2550,길동,2025-12,579202
3306,5,2551,굽은다리,2025-12,629459
3307,5,2552,명일,2025-12,519065
3308,5,2553,고덕,2025-12,645133
3309,5,2554,상일동,2025-12,894186
3310,5,2555,둔촌동,2025-12,842324
3311,5,2556,올림픽공원(5),2025-12,330087
3312,5,2557,방이,2025-12,479034
3313,5,2558,오금(5),2025-12,228959
3314,5,2559,개롱,2025-12,408858
3315,5,2560,거여,2025-12,621117
3316,5,2561,마천,2025-12,421946
3317,5,2562,강일,2025-12,369784
3318,5,2563,미사,2025-12,1160497
3319,5,2564,하남풍산,2025-12,295345
3320,5,2565,하남시청,2025-12,542439
3321,5,2566,하남검단산,2025-12,429840
3322,6,2611,응암,2025-12,1110148
3323,6,2612,역촌,2025-12,262775
3324,6,2613,불광(6),2025-12,292369
3325,6,2614,독바위,2025-12,165960
3326,6,2616,구산,2025-12,450559
3327,6,2617,새절,2025-12,755351
3328,6,2618,증산,2025-12,575615
3329,6,2619,디지털미디어시티(6),2025-12,921704
3330,6,2620,월드컵경기장,2025-12,314730
3331,6,2621,마포구청,2025-12,870312
3332,6,2622,망원,2025-12,1097834
3333,6,2623,합정(6),2025-12,879052
3334,6,2624,상수,2025-12,743123
3335,6,2625,광흥창,2025-12,579740
3336,6,2626,대흥,2025-12,611193
3337,6,2627,공덕(6),2025-12,1154221
3338,6,2628,효창공원앞,2025-12,451316
3339,6,2629,삼각지(6),2025-12,498357
3340,6,2630,녹사평,2025-12,355802
3341,6,2631,이태원,2025-12,831770
3342,6,2632,한강진,2025-12,709338
3343,6,2633,버티고개,2025-12,136960
3344,6,2634,약수(6),2025-12,230892
3345,6,2635,청구(6),2025-12,230963
3346,6,2636,신당(6),2025-12,574596
3347,6,2637,동묘앞(6),2025-12,590800
3348,6,2638,창신,2025-12,204704
3349,6,2639,보문,2025-12,498095
3350,6,2640,안암,2025-12,823025
3351,6,2641,고려대,2025-12,543145
3352,6,2642,월곡,2025-12,722151
3353,6,2643,상월곡,2025-12,389645
3354,6,2644,돌곶이,2025-12,715573
3355,6,2645,석계(6),2025-12,792200
3356,6,2646,태릉입구(6),2025-12,383366
3357,6,2647,화랑대,2025-12,648565
3358,6,2648,봉화산,2025-12,519571
3359,7,2711,장암,2025-12,123269
3360,7,2712,도봉산(7),2025-12,589353
3361,7,2713,수락산,2025-12,797486
3362,7,2714,마들,2025-12,808557
3363,7,2715,노원(7),2025-12,1352405
3364,7,2716,중계,2025-12,876701
3365,7,2717,하계,2025-12,1104599
3366,7,2718,공릉,2025-12,773293
3367,7,2719,태릉입구(7),2025-12,531335
3368,7,2720,먹골,2025-12,640580
3369,7,2721,중화,2025-12,686326
3370,7,2722,상봉(7),2025-12,1121406
3371,7,2723,면목,2025-12,901178
3372,7,2724,사가정,2025-12,997965
3373,7,2725,용마산,2025-12,352025
3374,7,2726,중곡,2025-12,671291
3375,7,2727,군자(7),2025-12,864079
3376,7,2728,어린이대공원,2025-12,1016634
3377,7,2729,건대입구(7),2025-12,959994
3378,7,2730,자양,2025-12,515576
3379,7,2731,청담,2025-12,1160642
3380,7,2732,강남구청,2025-12,1034466
3381,7,2733,학동,2025-12,1385514
3382,7,2734,논현,2025-12,1176186
3383,7,2735,반포,2025-12,424261
3384,7,2736,고속터미널(7),2025-12,1082733
3385,7,2737,내방,2025-12,899281
3386,7,2738,이수(7),2025-12,1064163
3387,7,2739,남성,2025-12,680324
3388,7,2740,숭실대입구,2025-12,827635
3389,7,2741,상도,2025-12,743117
3390,7,2742,장승배기,2025-12,591405
3391,7,2743,신대방삼거리,2025-12,908150
3392,7,2744,보라매,2025-12,422738
3393,7,2745,신풍,2025-12,739783
3394,7,2746,대림(7),2025-12,589353
3395,7,2747,남구로,2025-12,909970
3396,7,2748,가산디지털단지(7),2025-12,2449651
3397,7,2749,철산,2025-12,1413427
3398,7,2750,광명사거리,2025-12,1363845
3399,7,2751,천왕,2025-12,715803
3400,7,2752,온수(7),2025-12,574240
3401,8,2810,암사역사공원,2025-12,397336
3402,8,2811,암사,2025-12,966524
3403,8,2812,천호(8),2025-12,1219168
3404,8,2813,강동구청,2025-12,675814
3405,8,2814,몽촌토성,2025-12,480669
3406,8,2815,잠실(8),2025-12,1535510
3407,8,2816,석촌(8),2025-12,625340
3408,8,2817,송파,2025-12,623451
3409,8,2818,가락시장(8),2025-12,599869
3410,8,2819,문정,2025-12,1361778
3411,8,2820,장지,2025-12,1044281
3412,8,2821,복정(8),2025-12,552579
3413,8,2822,산성,2025-12,385835
3414,8,2823,남한산성입구,2025-12,764971
3415,8,2824,단대오거리,2025-12,732538
3416,8,2825,신흥,2025-12,344487
3417,8,2826,수진,2025-12,338727
3418,8,2827,모란(8),2025-12,298106
3419,8,2828,남위례,2025-12,473697
3420,9,4126,언주,2025-12,425068
3421,9,4127,선정릉,2025-12,361524
3422,9,4128,삼성중앙,2025-12,297923
3423,9,4129,봉은사,2025-12,898708
3424,9,4130,종합운동장(9),2025-12,203908
3425,9,4131,삼전,2025-12,326760
3426,9,4132,석촌고분,2025-12,291631
3427,9,4133,석촌(9),2025-12,383706
3428,9,4134,송파나루,2025-12,261248
3429,9,4135,한성백제,2025-12,137815
3430,9,4136,올림픽공원(9),2025-12,351174
3431,9,4137,둔촌오륜,2025-12,179310
3432,9,4138,중앙보훈병원,2025-12,466966
